Step 1/5: Validating inputs ✅
  Metrics: /home/ubuntu/w4/SWAT4HCLS_2027/RQ2/work/converted/expanded/run_metrics/adjacency-v4.1__20260915T134216
  Detailed logs: /home/ubuntu/w4/SWAT4HCLS_2027/RQ2/work/converted/expanded/run_metrics/adjacency-v4.1__20260915T134216/logs/wrapper.log
  Progress log: /home/ubuntu/w4/SWAT4HCLS_2027/RQ2/work/converted/expanded/run_metrics/adjacency-v4.1__20260915T134216/logs/progress.log
Step 2/5: Ensuring Docker image is available ✅
Step 3/5: Processing per-input pipeline (TSV -> RDF -> compression)
  Sample representation: expanded
  INFO representation: structured
  Header representation: structured
  - Input 1/1: adjacency-v4.1.vcf
    * TSV conversion ✅
    * VCF version: VCFv4.1 (detected)
    * RDF conversion ✅
    * Streaming expanded multi-sample RDF (no expanded helper TSVs)
    * Sample calls streamed: 12; FORMAT values: 36
    * Streaming structured header RDF
    * Header lines typed: 10; contigs: 2
    * Streaming QUAL and structured INFO RDF
    * QUAL values streamed: 4; INFO values: 8; declarations: 2
    * Triples produced: 822
    * Compression ✅
    * Output directory: /home/ubuntu/w4/SWAT4HCLS_2027/RQ2/work/converted/expanded/adjacency-v4.1
      - RDF aggregate: adjacency-v4.1.nt.gz
      - RDF (.gz): 6.67 KB (kept (compression methods set to none))
      - Compression: none selected
      - Final RDF size (no compression): 6.67 KB
Total triples produced (full run): 822
Conversion process finished.
Run time (full mode): 13.03s
Timing log: /home/ubuntu/w4/SWAT4HCLS_2027/RQ2/work/converted/expanded/run_metrics/adjacency-v4.1__20260915T134216/wrapper_execution_times.csv
Metrics summary: /home/ubuntu/w4/SWAT4HCLS_2027/RQ2/work/converted/expanded/run_metrics/adjacency-v4.1__20260915T134216/summary.json
Step 1/5: Validating inputs ✅
  Metrics: /home/ubuntu/w4/SWAT4HCLS_2027/RQ2/work/converted/condensed/run_metrics/adjacency-v4.1__20260915T134230
  Detailed logs: /home/ubuntu/w4/SWAT4HCLS_2027/RQ2/work/converted/condensed/run_metrics/adjacency-v4.1__20260915T134230/logs/wrapper.log
  Progress log: /home/ubuntu/w4/SWAT4HCLS_2027/RQ2/work/converted/condensed/run_metrics/adjacency-v4.1__20260915T134230/logs/progress.log
Step 2/5: Ensuring Docker image is available ✅
Step 3/5: Processing per-input pipeline (TSV -> RDF -> compression)
  Sample representation: condensed
  INFO representation: structured
  Header representation: structured
  - Input 1/1: adjacency-v4.1.vcf
    * TSV conversion ✅
    * VCF version: VCFv4.1 (detected)
    * RDF conversion ✅
    * Streaming condensed multi-sample RDF (no expanded helper TSVs)
    * Condensed matrices streamed: 4; FORMAT vectors: 12; reusable samples: 3
    * Streaming structured header RDF
    * Header lines typed: 10; contigs: 2
    * Streaming QUAL and structured INFO RDF
    * QUAL values streamed: 4; INFO values: 8; declarations: 2
    * Triples produced: 534
    * Compression ✅
    * Output directory: /home/ubuntu/w4/SWAT4HCLS_2027/RQ2/work/converted/condensed/adjacency-v4.1
      - RDF aggregate: adjacency-v4.1.nt.gz
      - RDF (.gz): 5.56 KB (kept (compression methods set to none))
      - Compression: none selected
      - Final RDF size (no compression): 5.56 KB
Total triples produced (full run): 534
Conversion process finished.
Run time (full mode): 12.70s
Timing log: /home/ubuntu/w4/SWAT4HCLS_2027/RQ2/work/converted/condensed/run_metrics/adjacency-v4.1__20260915T134230/wrapper_execution_times.csv
Metrics summary: /home/ubuntu/w4/SWAT4HCLS_2027/RQ2/work/converted/condensed/run_metrics/adjacency-v4.1__20260915T134230/summary.json
Step 1/5: Validating inputs ✅
  Metrics: /home/ubuntu/w4/SWAT4HCLS_2027/RQ2/work/converted/expanded/run_metrics/adjacency-v4.2__20260915T134243
  Detailed logs: /home/ubuntu/w4/SWAT4HCLS_2027/RQ2/work/converted/expanded/run_metrics/adjacency-v4.2__20260915T134243/logs/wrapper.log
  Progress log: /home/ubuntu/w4/SWAT4HCLS_2027/RQ2/work/converted/expanded/run_metrics/adjacency-v4.2__20260915T134243/logs/progress.log
Step 2/5: Ensuring Docker image is available ✅
Step 3/5: Processing per-input pipeline (TSV -> RDF -> compression)
  Sample representation: expanded
  INFO representation: structured
  Header representation: structured
  - Input 1/1: adjacency-v4.2.vcf
    * TSV conversion ✅
    * VCF version: VCFv4.2 (detected)
    * RDF conversion ✅
    * Streaming expanded multi-sample RDF (no expanded helper TSVs)
    * Sample calls streamed: 12; FORMAT values: 36
    * Streaming structured header RDF
    * Header lines typed: 10; contigs: 2
    * Streaming QUAL and structured INFO RDF
    * QUAL values streamed: 4; INFO values: 8; declarations: 2
    * Triples produced: 822
    * Compression ✅
    * Output directory: /home/ubuntu/w4/SWAT4HCLS_2027/RQ2/work/converted/expanded/adjacency-v4.2
      - RDF aggregate: adjacency-v4.2.nt.gz
      - RDF (.gz): 6.76 KB (kept (compression methods set to none))
      - Compression: none selected
      - Final RDF size (no compression): 6.76 KB
Total triples produced (full run): 822
Conversion process finished.
Run time (full mode): 12.48s
Timing log: /home/ubuntu/w4/SWAT4HCLS_2027/RQ2/work/converted/expanded/run_metrics/adjacency-v4.2__20260915T134243/wrapper_execution_times.csv
Metrics summary: /home/ubuntu/w4/SWAT4HCLS_2027/RQ2/work/converted/expanded/run_metrics/adjacency-v4.2__20260915T134243/summary.json
Step 1/5: Validating inputs ✅
  Metrics: /home/ubuntu/w4/SWAT4HCLS_2027/RQ2/work/converted/condensed/run_metrics/adjacency-v4.2__20260915T134255
  Detailed logs: /home/ubuntu/w4/SWAT4HCLS_2027/RQ2/work/converted/condensed/run_metrics/adjacency-v4.2__20260915T134255/logs/wrapper.log
  Progress log: /home/ubuntu/w4/SWAT4HCLS_2027/RQ2/work/converted/condensed/run_metrics/adjacency-v4.2__20260915T134255/logs/progress.log
Step 2/5: Ensuring Docker image is available ✅
Step 3/5: Processing per-input pipeline (TSV -> RDF -> compression)
  Sample representation: condensed
  INFO representation: structured
  Header representation: structured
  - Input 1/1: adjacency-v4.2.vcf
    * TSV conversion ✅
    * VCF version: VCFv4.2 (detected)
    * RDF conversion ✅
    * Streaming condensed multi-sample RDF (no expanded helper TSVs)
    * Condensed matrices streamed: 4; FORMAT vectors: 12; reusable samples: 3
    * Streaming structured header RDF
    * Header lines typed: 10; contigs: 2
    * Streaming QUAL and structured INFO RDF
    * QUAL values streamed: 4; INFO values: 8; declarations: 2
    * Triples produced: 534
    * Compression ✅
    * Output directory: /home/ubuntu/w4/SWAT4HCLS_2027/RQ2/work/converted/condensed/adjacency-v4.2
      - RDF aggregate: adjacency-v4.2.nt.gz
      - RDF (.gz): 5.36 KB (kept (compression methods set to none))
      - Compression: none selected
      - Final RDF size (no compression): 5.36 KB
Total triples produced (full run): 534
Conversion process finished.
Run time (full mode): 12.56s
Timing log: /home/ubuntu/w4/SWAT4HCLS_2027/RQ2/work/converted/condensed/run_metrics/adjacency-v4.2__20260915T134255/wrapper_execution_times.csv
Metrics summary: /home/ubuntu/w4/SWAT4HCLS_2027/RQ2/work/converted/condensed/run_metrics/adjacency-v4.2__20260915T134255/summary.json
Step 1/5: Validating inputs ✅
  Metrics: /home/ubuntu/w4/SWAT4HCLS_2027/RQ2/work/converted/expanded/run_metrics/adjacency-v4.3__20260915T134308
  Detailed logs: /home/ubuntu/w4/SWAT4HCLS_2027/RQ2/work/converted/expanded/run_metrics/adjacency-v4.3__20260915T134308/logs/wrapper.log
  Progress log: /home/ubuntu/w4/SWAT4HCLS_2027/RQ2/work/converted/expanded/run_metrics/adjacency-v4.3__20260915T134308/logs/progress.log
Step 2/5: Ensuring Docker image is available ✅
Step 3/5: Processing per-input pipeline (TSV -> RDF -> compression)
  Sample representation: expanded
  INFO representation: structured
  Header representation: structured
  - Input 1/1: adjacency-v4.3.vcf
    * TSV conversion ✅
    * VCF version: VCFv4.3 (detected)
    * RDF conversion ✅
    * Streaming expanded multi-sample RDF (no expanded helper TSVs)
    * Sample calls streamed: 12; FORMAT values: 36
    * Streaming structured header RDF
    * Header lines typed: 10; contigs: 2
    * Streaming QUAL and structured INFO RDF
    * QUAL values streamed: 4; INFO values: 8; declarations: 2
    * Triples produced: 822
    * Compression ✅
    * Output directory: /home/ubuntu/w4/SWAT4HCLS_2027/RQ2/work/converted/expanded/adjacency-v4.3
      - RDF aggregate: adjacency-v4.3.nt.gz
      - RDF (.gz): 6.65 KB (kept (compression methods set to none))
      - Compression: none selected
      - Final RDF size (no compression): 6.65 KB
Total triples produced (full run): 822
Conversion process finished.
Run time (full mode): 12.52s
Timing log: /home/ubuntu/w4/SWAT4HCLS_2027/RQ2/work/converted/expanded/run_metrics/adjacency-v4.3__20260915T134308/wrapper_execution_times.csv
Metrics summary: /home/ubuntu/w4/SWAT4HCLS_2027/RQ2/work/converted/expanded/run_metrics/adjacency-v4.3__20260915T134308/summary.json
Step 1/5: Validating inputs ✅
  Metrics: /home/ubuntu/w4/SWAT4HCLS_2027/RQ2/work/converted/condensed/run_metrics/adjacency-v4.3__20260915T134321
  Detailed logs: /home/ubuntu/w4/SWAT4HCLS_2027/RQ2/work/converted/condensed/run_metrics/adjacency-v4.3__20260915T134321/logs/wrapper.log
  Progress log: /home/ubuntu/w4/SWAT4HCLS_2027/RQ2/work/converted/condensed/run_metrics/adjacency-v4.3__20260915T134321/logs/progress.log
Step 2/5: Ensuring Docker image is available ✅
Step 3/5: Processing per-input pipeline (TSV -> RDF -> compression)
  Sample representation: condensed
  INFO representation: structured
  Header representation: structured
  - Input 1/1: adjacency-v4.3.vcf
    * TSV conversion ✅
    * VCF version: VCFv4.3 (detected)
    * RDF conversion ✅
    * Streaming condensed multi-sample RDF (no expanded helper TSVs)
    * Condensed matrices streamed: 4; FORMAT vectors: 12; reusable samples: 3
    * Streaming structured header RDF
    * Header lines typed: 10; contigs: 2
    * Streaming QUAL and structured INFO RDF
    * QUAL values streamed: 4; INFO values: 8; declarations: 2
    * Triples produced: 534
    * Compression ✅
    * Output directory: /home/ubuntu/w4/SWAT4HCLS_2027/RQ2/work/converted/condensed/adjacency-v4.3
      - RDF aggregate: adjacency-v4.3.nt.gz
      - RDF (.gz): 5.94 KB (kept (compression methods set to none))
      - Compression: none selected
      - Final RDF size (no compression): 5.94 KB
Total triples produced (full run): 534
Conversion process finished.
Run time (full mode): 12.78s
Timing log: /home/ubuntu/w4/SWAT4HCLS_2027/RQ2/work/converted/condensed/run_metrics/adjacency-v4.3__20260915T134321/wrapper_execution_times.csv
Metrics summary: /home/ubuntu/w4/SWAT4HCLS_2027/RQ2/work/converted/condensed/run_metrics/adjacency-v4.3__20260915T134321/summary.json
Step 1/5: Validating inputs ✅
  Metrics: /home/ubuntu/w4/SWAT4HCLS_2027/RQ2/work/converted/expanded/run_metrics/basic-v4.1__20260915T134334
  Detailed logs: /home/ubuntu/w4/SWAT4HCLS_2027/RQ2/work/converted/expanded/run_metrics/basic-v4.1__20260915T134334/logs/wrapper.log
  Progress log: /home/ubuntu/w4/SWAT4HCLS_2027/RQ2/work/converted/expanded/run_metrics/basic-v4.1__20260915T134334/logs/progress.log
Step 2/5: Ensuring Docker image is available ✅
Step 3/5: Processing per-input pipeline (TSV -> RDF -> compression)
  Sample representation: expanded
  INFO representation: structured
  Header representation: structured
  - Input 1/1: basic-v4.1.vcf
    * TSV conversion ✅
    * VCF version: VCFv4.1 (detected)
    * RDF conversion ✅
    * Streaming expanded multi-sample RDF (no expanded helper TSVs)
    * Sample calls streamed: 6; FORMAT values: 12
    * Streaming structured header RDF
    * Header lines typed: 10; contigs: 1
    * Streaming QUAL and structured INFO RDF
    * QUAL values streamed: 3; INFO values: 3; declarations: 2
    * Triples produced: 559
    * Compression ✅
    * Output directory: /home/ubuntu/w4/SWAT4HCLS_2027/RQ2/work/converted/expanded/basic-v4.1
      - RDF aggregate: basic-v4.1.nt.gz
      - RDF (.gz): 5.55 KB (kept (compression methods set to none))
      - Compression: none selected
      - Final RDF size (no compression): 5.55 KB
Total triples produced (full run): 559
Conversion process finished.
Run time (full mode): 12.51s
Timing log: /home/ubuntu/w4/SWAT4HCLS_2027/RQ2/work/converted/expanded/run_metrics/basic-v4.1__20260915T134334/wrapper_execution_times.csv
Metrics summary: /home/ubuntu/w4/SWAT4HCLS_2027/RQ2/work/converted/expanded/run_metrics/basic-v4.1__20260915T134334/summary.json
Step 1/5: Validating inputs ✅
  Metrics: /home/ubuntu/w4/SWAT4HCLS_2027/RQ2/work/converted/condensed/run_metrics/basic-v4.1__20260915T134346
  Detailed logs: /home/ubuntu/w4/SWAT4HCLS_2027/RQ2/work/converted/condensed/run_metrics/basic-v4.1__20260915T134346/logs/wrapper.log
  Progress log: /home/ubuntu/w4/SWAT4HCLS_2027/RQ2/work/converted/condensed/run_metrics/basic-v4.1__20260915T134346/logs/progress.log
Step 2/5: Ensuring Docker image is available ✅
Step 3/5: Processing per-input pipeline (TSV -> RDF -> compression)
  Sample representation: condensed
  INFO representation: structured
  Header representation: structured
  - Input 1/1: basic-v4.1.vcf
    * TSV conversion ✅
    * VCF version: VCFv4.1 (detected)
    * RDF conversion ✅
    * Streaming condensed multi-sample RDF (no expanded helper TSVs)
    * Condensed matrices streamed: 3; FORMAT vectors: 6; reusable samples: 2
    * Streaming structured header RDF
    * Header lines typed: 10; contigs: 1
    * Streaming QUAL and structured INFO RDF
    * QUAL values streamed: 3; INFO values: 3; declarations: 2
    * Triples produced: 431
    * Compression ✅
    * Output directory: /home/ubuntu/w4/SWAT4HCLS_2027/RQ2/work/converted/condensed/basic-v4.1
      - RDF aggregate: basic-v4.1.nt.gz
      - RDF (.gz): 4.98 KB (kept (compression methods set to none))
      - Compression: none selected
      - Final RDF size (no compression): 4.98 KB
Total triples produced (full run): 431
Conversion process finished.
Run time (full mode): 12.55s
Timing log: /home/ubuntu/w4/SWAT4HCLS_2027/RQ2/work/converted/condensed/run_metrics/basic-v4.1__20260915T134346/wrapper_execution_times.csv
Metrics summary: /home/ubuntu/w4/SWAT4HCLS_2027/RQ2/work/converted/condensed/run_metrics/basic-v4.1__20260915T134346/summary.json
Step 1/5: Validating inputs ✅
  Metrics: /home/ubuntu/w4/SWAT4HCLS_2027/RQ2/work/converted/expanded/run_metrics/basic-v4.2__20260915T134359
  Detailed logs: /home/ubuntu/w4/SWAT4HCLS_2027/RQ2/work/converted/expanded/run_metrics/basic-v4.2__20260915T134359/logs/wrapper.log
  Progress log: /home/ubuntu/w4/SWAT4HCLS_2027/RQ2/work/converted/expanded/run_metrics/basic-v4.2__20260915T134359/logs/progress.log
Step 2/5: Ensuring Docker image is available ✅
Step 3/5: Processing per-input pipeline (TSV -> RDF -> compression)
  Sample representation: expanded
  INFO representation: structured
  Header representation: structured
  - Input 1/1: basic-v4.2.vcf
    * TSV conversion ✅
    * VCF version: VCFv4.2 (detected)
    * RDF conversion ✅
    * Streaming expanded multi-sample RDF (no expanded helper TSVs)
    * Sample calls streamed: 6; FORMAT values: 12
    * Streaming structured header RDF
    * Header lines typed: 10; contigs: 1
    * Streaming QUAL and structured INFO RDF
    * QUAL values streamed: 3; INFO values: 3; declarations: 2
    * Triples produced: 559
    * Compression ✅
    * Output directory: /home/ubuntu/w4/SWAT4HCLS_2027/RQ2/work/converted/expanded/basic-v4.2
      - RDF aggregate: basic-v4.2.nt.gz
      - RDF (.gz): 5.61 KB (kept (compression methods set to none))
      - Compression: none selected
      - Final RDF size (no compression): 5.61 KB
Total triples produced (full run): 559
Conversion process finished.
Run time (full mode): 12.44s
Timing log: /home/ubuntu/w4/SWAT4HCLS_2027/RQ2/work/converted/expanded/run_metrics/basic-v4.2__20260915T134359/wrapper_execution_times.csv
Metrics summary: /home/ubuntu/w4/SWAT4HCLS_2027/RQ2/work/converted/expanded/run_metrics/basic-v4.2__20260915T134359/summary.json
Step 1/5: Validating inputs ✅
  Metrics: /home/ubuntu/w4/SWAT4HCLS_2027/RQ2/work/converted/condensed/run_metrics/basic-v4.2__20260915T134412
  Detailed logs: /home/ubuntu/w4/SWAT4HCLS_2027/RQ2/work/converted/condensed/run_metrics/basic-v4.2__20260915T134412/logs/wrapper.log
  Progress log: /home/ubuntu/w4/SWAT4HCLS_2027/RQ2/work/converted/condensed/run_metrics/basic-v4.2__20260915T134412/logs/progress.log
Step 2/5: Ensuring Docker image is available ✅
Step 3/5: Processing per-input pipeline (TSV -> RDF -> compression)
  Sample representation: condensed
  INFO representation: structured
  Header representation: structured
  - Input 1/1: basic-v4.2.vcf
    * TSV conversion ✅
    * VCF version: VCFv4.2 (detected)
    * RDF conversion ✅
    * Streaming condensed multi-sample RDF (no expanded helper TSVs)
    * Condensed matrices streamed: 3; FORMAT vectors: 6; reusable samples: 2
    * Streaming structured header RDF
    * Header lines typed: 10; contigs: 1
    * Streaming QUAL and structured INFO RDF
    * QUAL values streamed: 3; INFO values: 3; declarations: 2
    * Triples produced: 431
    * Compression ✅
    * Output directory: /home/ubuntu/w4/SWAT4HCLS_2027/RQ2/work/converted/condensed/basic-v4.2
      - RDF aggregate: basic-v4.2.nt.gz
      - RDF (.gz): 4.51 KB (kept (compression methods set to none))
      - Compression: none selected
      - Final RDF size (no compression): 4.51 KB
Total triples produced (full run): 431
Conversion process finished.
Run time (full mode): 12.49s
Timing log: /home/ubuntu/w4/SWAT4HCLS_2027/RQ2/work/converted/condensed/run_metrics/basic-v4.2__20260915T134412/wrapper_execution_times.csv
Metrics summary: /home/ubuntu/w4/SWAT4HCLS_2027/RQ2/work/converted/condensed/run_metrics/basic-v4.2__20260915T134412/summary.json
Step 1/5: Validating inputs ✅
  Metrics: /home/ubuntu/w4/SWAT4HCLS_2027/RQ2/work/converted/expanded/run_metrics/basic-v4.3__20260915T134424
  Detailed logs: /home/ubuntu/w4/SWAT4HCLS_2027/RQ2/work/converted/expanded/run_metrics/basic-v4.3__20260915T134424/logs/wrapper.log
  Progress log: /home/ubuntu/w4/SWAT4HCLS_2027/RQ2/work/converted/expanded/run_metrics/basic-v4.3__20260915T134424/logs/progress.log
Step 2/5: Ensuring Docker image is available ✅
Step 3/5: Processing per-input pipeline (TSV -> RDF -> compression)
  Sample representation: expanded
  INFO representation: structured
  Header representation: structured
  - Input 1/1: basic-v4.3.vcf
    * TSV conversion ✅
    * VCF version: VCFv4.3 (detected)
    * RDF conversion ✅
    * Streaming expanded multi-sample RDF (no expanded helper TSVs)
    * Sample calls streamed: 6; FORMAT values: 12
    * Streaming structured header RDF
    * Header lines typed: 10; contigs: 1
    * Streaming QUAL and structured INFO RDF
    * QUAL values streamed: 3; INFO values: 3; declarations: 2
    * Triples produced: 559
    * Compression ✅
    * Output directory: /home/ubuntu/w4/SWAT4HCLS_2027/RQ2/work/converted/expanded/basic-v4.3
      - RDF aggregate: basic-v4.3.nt.gz
      - RDF (.gz): 5.52 KB (kept (compression methods set to none))
      - Compression: none selected
      - Final RDF size (no compression): 5.52 KB
Total triples produced (full run): 559
Conversion process finished.
Run time (full mode): 12.59s
Timing log: /home/ubuntu/w4/SWAT4HCLS_2027/RQ2/work/converted/expanded/run_metrics/basic-v4.3__20260915T134424/wrapper_execution_times.csv
Metrics summary: /home/ubuntu/w4/SWAT4HCLS_2027/RQ2/work/converted/expanded/run_metrics/basic-v4.3__20260915T134424/summary.json
Step 1/5: Validating inputs ✅
  Metrics: /home/ubuntu/w4/SWAT4HCLS_2027/RQ2/work/converted/condensed/run_metrics/basic-v4.3__20260915T134437
  Detailed logs: /home/ubuntu/w4/SWAT4HCLS_2027/RQ2/work/converted/condensed/run_metrics/basic-v4.3__20260915T134437/logs/wrapper.log
  Progress log: /home/ubuntu/w4/SWAT4HCLS_2027/RQ2/work/converted/condensed/run_metrics/basic-v4.3__20260915T134437/logs/progress.log
Step 2/5: Ensuring Docker image is available ✅
Step 3/5: Processing per-input pipeline (TSV -> RDF -> compression)
  Sample representation: condensed
  INFO representation: structured
  Header representation: structured
  - Input 1/1: basic-v4.3.vcf
    * TSV conversion ✅
    * VCF version: VCFv4.3 (detected)
    * RDF conversion ✅
    * Streaming condensed multi-sample RDF (no expanded helper TSVs)
    * Condensed matrices streamed: 3; FORMAT vectors: 6; reusable samples: 2
    * Streaming structured header RDF
    * Header lines typed: 10; contigs: 1
    * Streaming QUAL and structured INFO RDF
    * QUAL values streamed: 3; INFO values: 3; declarations: 2
    * Triples produced: 431
    * Compression ✅
    * Output directory: /home/ubuntu/w4/SWAT4HCLS_2027/RQ2/work/converted/condensed/basic-v4.3
      - RDF aggregate: basic-v4.3.nt.gz
      - RDF (.gz): 4.43 KB (kept (compression methods set to none))
      - Compression: none selected
      - Final RDF size (no compression): 4.43 KB
Total triples produced (full run): 431
Conversion process finished.
Run time (full mode): 12.60s
Timing log: /home/ubuntu/w4/SWAT4HCLS_2027/RQ2/work/converted/condensed/run_metrics/basic-v4.3__20260915T134437/wrapper_execution_times.csv
Metrics summary: /home/ubuntu/w4/SWAT4HCLS_2027/RQ2/work/converted/condensed/run_metrics/basic-v4.3__20260915T134437/summary.json
Step 1/5: Validating inputs ✅
  Metrics: /home/ubuntu/w4/SWAT4HCLS_2027/RQ2/work/converted/expanded/run_metrics/basic-v4.4__20260915T134450
  Detailed logs: /home/ubuntu/w4/SWAT4HCLS_2027/RQ2/work/converted/expanded/run_metrics/basic-v4.4__20260915T134450/logs/wrapper.log
  Progress log: /home/ubuntu/w4/SWAT4HCLS_2027/RQ2/work/converted/expanded/run_metrics/basic-v4.4__20260915T134450/logs/progress.log
Step 2/5: Ensuring Docker image is available ✅
Step 3/5: Processing per-input pipeline (TSV -> RDF -> compression)
  Sample representation: expanded
  INFO representation: structured
  Header representation: structured
  - Input 1/1: basic-v4.4.vcf
    * TSV conversion ✅
    * VCF version: VCFv4.4 (detected)
    * RDF conversion ✅
    * Streaming expanded multi-sample RDF (no expanded helper TSVs)
    * Sample calls streamed: 6; FORMAT values: 12
    * Streaming structured header RDF
    * Header lines typed: 10; contigs: 1
    * Streaming QUAL and structured INFO RDF
    * QUAL values streamed: 3; INFO values: 3; declarations: 2
    * Triples produced: 559
    * Compression ✅
    * Output directory: /home/ubuntu/w4/SWAT4HCLS_2027/RQ2/work/converted/expanded/basic-v4.4
      - RDF aggregate: basic-v4.4.nt.gz
      - RDF (.gz): 5.86 KB (kept (compression methods set to none))
      - Compression: none selected
      - Final RDF size (no compression): 5.86 KB
Total triples produced (full run): 559
Conversion process finished.
Run time (full mode): 12.40s
Timing log: /home/ubuntu/w4/SWAT4HCLS_2027/RQ2/work/converted/expanded/run_metrics/basic-v4.4__20260915T134450/wrapper_execution_times.csv
Metrics summary: /home/ubuntu/w4/SWAT4HCLS_2027/RQ2/work/converted/expanded/run_metrics/basic-v4.4__20260915T134450/summary.json
Step 1/5: Validating inputs ✅
  Metrics: /home/ubuntu/w4/SWAT4HCLS_2027/RQ2/work/converted/condensed/run_metrics/basic-v4.4__20260915T134503
  Detailed logs: /home/ubuntu/w4/SWAT4HCLS_2027/RQ2/work/converted/condensed/run_metrics/basic-v4.4__20260915T134503/logs/wrapper.log
  Progress log: /home/ubuntu/w4/SWAT4HCLS_2027/RQ2/work/converted/condensed/run_metrics/basic-v4.4__20260915T134503/logs/progress.log
Step 2/5: Ensuring Docker image is available ✅
Step 3/5: Processing per-input pipeline (TSV -> RDF -> compression)
  Sample representation: condensed
  INFO representation: structured
  Header representation: structured
  - Input 1/1: basic-v4.4.vcf
    * TSV conversion ✅
    * VCF version: VCFv4.4 (detected)
    * RDF conversion ✅
    * Streaming condensed multi-sample RDF (no expanded helper TSVs)
    * Condensed matrices streamed: 3; FORMAT vectors: 6; reusable samples: 2
    * Streaming structured header RDF
    * Header lines typed: 10; contigs: 1
    * Streaming QUAL and structured INFO RDF
    * QUAL values streamed: 3; INFO values: 3; declarations: 2
    * Triples produced: 431
    * Compression ✅
    * Output directory: /home/ubuntu/w4/SWAT4HCLS_2027/RQ2/work/converted/condensed/basic-v4.4
      - RDF aggregate: basic-v4.4.nt.gz
      - RDF (.gz): 5.04 KB (kept (compression methods set to none))
      - Compression: none selected
      - Final RDF size (no compression): 5.04 KB
Total triples produced (full run): 431
Conversion process finished.
Run time (full mode): 12.92s
Timing log: /home/ubuntu/w4/SWAT4HCLS_2027/RQ2/work/converted/condensed/run_metrics/basic-v4.4__20260915T134503/wrapper_execution_times.csv
Metrics summary: /home/ubuntu/w4/SWAT4HCLS_2027/RQ2/work/converted/condensed/run_metrics/basic-v4.4__20260915T134503/summary.json
Step 1/5: Validating inputs ✅
  Metrics: /home/ubuntu/w4/SWAT4HCLS_2027/RQ2/work/converted/expanded/run_metrics/basic-v4.5__20260915T134516
  Detailed logs: /home/ubuntu/w4/SWAT4HCLS_2027/RQ2/work/converted/expanded/run_metrics/basic-v4.5__20260915T134516/logs/wrapper.log
  Progress log: /home/ubuntu/w4/SWAT4HCLS_2027/RQ2/work/converted/expanded/run_metrics/basic-v4.5__20260915T134516/logs/progress.log
Step 2/5: Ensuring Docker image is available ✅
Step 3/5: Processing per-input pipeline (TSV -> RDF -> compression)
  Sample representation: expanded
  INFO representation: structured
  Header representation: structured
  - Input 1/1: basic-v4.5.vcf
    * TSV conversion ✅
    * VCF version: VCFv4.5 (detected)
    * RDF conversion ✅
    * Streaming expanded multi-sample RDF (no expanded helper TSVs)
    * Sample calls streamed: 6; FORMAT values: 12
    * Streaming structured header RDF
    * Header lines typed: 10; contigs: 1
    * Streaming QUAL and structured INFO RDF
    * QUAL values streamed: 3; INFO values: 3; declarations: 2
    * Triples produced: 559
    * Compression ✅
    * Output directory: /home/ubuntu/w4/SWAT4HCLS_2027/RQ2/work/converted/expanded/basic-v4.5
      - RDF aggregate: basic-v4.5.nt.gz
      - RDF (.gz): 5.90 KB (kept (compression methods set to none))
      - Compression: none selected
      - Final RDF size (no compression): 5.90 KB
Total triples produced (full run): 559
Conversion process finished.
Run time (full mode): 12.85s
Timing log: /home/ubuntu/w4/SWAT4HCLS_2027/RQ2/work/converted/expanded/run_metrics/basic-v4.5__20260915T134516/wrapper_execution_times.csv
Metrics summary: /home/ubuntu/w4/SWAT4HCLS_2027/RQ2/work/converted/expanded/run_metrics/basic-v4.5__20260915T134516/summary.json
Step 1/5: Validating inputs ✅
  Metrics: /home/ubuntu/w4/SWAT4HCLS_2027/RQ2/work/converted/condensed/run_metrics/basic-v4.5__20260915T134529
  Detailed logs: /home/ubuntu/w4/SWAT4HCLS_2027/RQ2/work/converted/condensed/run_metrics/basic-v4.5__20260915T134529/logs/wrapper.log
  Progress log: /home/ubuntu/w4/SWAT4HCLS_2027/RQ2/work/converted/condensed/run_metrics/basic-v4.5__20260915T134529/logs/progress.log
Step 2/5: Ensuring Docker image is available ✅
Step 3/5: Processing per-input pipeline (TSV -> RDF -> compression)
  Sample representation: condensed
  INFO representation: structured
  Header representation: structured
  - Input 1/1: basic-v4.5.vcf
    * TSV conversion ✅
    * VCF version: VCFv4.5 (detected)
    * RDF conversion ✅
    * Streaming condensed multi-sample RDF (no expanded helper TSVs)
    * Condensed matrices streamed: 3; FORMAT vectors: 6; reusable samples: 2
    * Streaming structured header RDF
    * Header lines typed: 10; contigs: 1
    * Streaming QUAL and structured INFO RDF
    * QUAL values streamed: 3; INFO values: 3; declarations: 2
    * Triples produced: 431
    * Compression ✅
    * Output directory: /home/ubuntu/w4/SWAT4HCLS_2027/RQ2/work/converted/condensed/basic-v4.5
      - RDF aggregate: basic-v4.5.nt.gz
      - RDF (.gz): 4.88 KB (kept (compression methods set to none))
      - Compression: none selected
      - Final RDF size (no compression): 4.88 KB
Total triples produced (full run): 431
Conversion process finished.
Run time (full mode): 12.37s
Timing log: /home/ubuntu/w4/SWAT4HCLS_2027/RQ2/work/converted/condensed/run_metrics/basic-v4.5__20260915T134529/wrapper_execution_times.csv
Metrics summary: /home/ubuntu/w4/SWAT4HCLS_2027/RQ2/work/converted/condensed/run_metrics/basic-v4.5__20260915T134529/summary.json
Step 1/5: Validating inputs ✅
  Metrics: /home/ubuntu/w4/SWAT4HCLS_2027/RQ2/work/converted/expanded/run_metrics/boundaries-v4.5__20260915T134541
  Detailed logs: /home/ubuntu/w4/SWAT4HCLS_2027/RQ2/work/converted/expanded/run_metrics/boundaries-v4.5__20260915T134541/logs/wrapper.log
  Progress log: /home/ubuntu/w4/SWAT4HCLS_2027/RQ2/work/converted/expanded/run_metrics/boundaries-v4.5__20260915T134541/logs/progress.log
Step 2/5: Ensuring Docker image is available ✅
Step 3/5: Processing per-input pipeline (TSV -> RDF -> compression)
  Sample representation: expanded
  INFO representation: structured
  Header representation: structured
  - Input 1/1: boundaries-v4.5.vcf
    * TSV conversion ✅
    * VCF version: VCFv4.5 (detected)
    * RDF conversion ✅
    * Streaming expanded multi-sample RDF (no expanded helper TSVs)
    * Sample calls streamed: 13; FORMAT values: 26
    * Streaming structured header RDF
    * Header lines typed: 12; contigs: 1
    * Streaming QUAL and structured INFO RDF
    * QUAL values streamed: 13; INFO values: 16; declarations: 4
    * Triples produced: 1,465
    * Compression ✅
    * Output directory: /home/ubuntu/w4/SWAT4HCLS_2027/RQ2/work/converted/expanded/boundaries-v4.5
      - RDF aggregate: boundaries-v4.5.nt.gz
      - RDF (.gz): 10.78 KB (kept (compression methods set to none))
      - Compression: none selected
      - Final RDF size (no compression): 10.78 KB
Total triples produced (full run): 1,465
Conversion process finished.
Run time (full mode): 13.11s
Timing log: /home/ubuntu/w4/SWAT4HCLS_2027/RQ2/work/converted/expanded/run_metrics/boundaries-v4.5__20260915T134541/wrapper_execution_times.csv
Metrics summary: /home/ubuntu/w4/SWAT4HCLS_2027/RQ2/work/converted/expanded/run_metrics/boundaries-v4.5__20260915T134541/summary.json
Step 1/5: Validating inputs ✅
  Metrics: /home/ubuntu/w4/SWAT4HCLS_2027/RQ2/work/converted/condensed/run_metrics/boundaries-v4.5__20260915T134555
  Detailed logs: /home/ubuntu/w4/SWAT4HCLS_2027/RQ2/work/converted/condensed/run_metrics/boundaries-v4.5__20260915T134555/logs/wrapper.log
  Progress log: /home/ubuntu/w4/SWAT4HCLS_2027/RQ2/work/converted/condensed/run_metrics/boundaries-v4.5__20260915T134555/logs/progress.log
Step 2/5: Ensuring Docker image is available ✅
Step 3/5: Processing per-input pipeline (TSV -> RDF -> compression)
  Sample representation: condensed
  INFO representation: structured
  Header representation: structured
  - Input 1/1: boundaries-v4.5.vcf
    * TSV conversion ✅
    * VCF version: VCFv4.5 (detected)
    * RDF conversion ✅
    * Streaming condensed multi-sample RDF (no expanded helper TSVs)
    * Condensed matrices streamed: 13; FORMAT vectors: 26; reusable samples: 1
    * Streaming structured header RDF
    * Header lines typed: 12; contigs: 1
    * Streaming QUAL and structured INFO RDF
    * QUAL values streamed: 13; INFO values: 16; declarations: 4
    * Triples produced: 1,123
    * Compression ✅
    * Output directory: /home/ubuntu/w4/SWAT4HCLS_2027/RQ2/work/converted/condensed/boundaries-v4.5
      - RDF aggregate: boundaries-v4.5.nt.gz
      - RDF (.gz): 8.59 KB (kept (compression methods set to none))
      - Compression: none selected
      - Final RDF size (no compression): 8.59 KB
Total triples produced (full run): 1,123
Conversion process finished.
Run time (full mode): 12.45s
Timing log: /home/ubuntu/w4/SWAT4HCLS_2027/RQ2/work/converted/condensed/run_metrics/boundaries-v4.5__20260915T134555/wrapper_execution_times.csv
Metrics summary: /home/ubuntu/w4/SWAT4HCLS_2027/RQ2/work/converted/condensed/run_metrics/boundaries-v4.5__20260915T134555/summary.json
Step 1/5: Validating inputs ✅
  Metrics: /home/ubuntu/w4/SWAT4HCLS_2027/RQ2/work/converted/expanded/run_metrics/breakends-v4.5__20260915T134607
  Detailed logs: /home/ubuntu/w4/SWAT4HCLS_2027/RQ2/work/converted/expanded/run_metrics/breakends-v4.5__20260915T134607/logs/wrapper.log
  Progress log: /home/ubuntu/w4/SWAT4HCLS_2027/RQ2/work/converted/expanded/run_metrics/breakends-v4.5__20260915T134607/logs/progress.log
Step 2/5: Ensuring Docker image is available ✅
Step 3/5: Processing per-input pipeline (TSV -> RDF -> compression)
  Sample representation: expanded
  INFO representation: structured
  Header representation: structured
  - Input 1/1: breakends-v4.5.vcf
    * TSV conversion ✅
    * VCF version: VCFv4.5 (detected)
    * RDF conversion ✅
    * Streaming expanded multi-sample RDF (no expanded helper TSVs)
    * Sample calls streamed: 3; FORMAT values: 3
    * Streaming structured header RDF
    * Header lines typed: 7; contigs: 2
    * Streaming QUAL and structured INFO RDF
    * QUAL values streamed: 3; INFO values: 2; declarations: 1
    * Triples produced: 354
    * Compression ✅
    * Output directory: /home/ubuntu/w4/SWAT4HCLS_2027/RQ2/work/converted/expanded/breakends-v4.5
      - RDF aggregate: breakends-v4.5.nt.gz
      - RDF (.gz): 4.59 KB (kept (compression methods set to none))
      - Compression: none selected
      - Final RDF size (no compression): 4.59 KB
Total triples produced (full run): 354
Conversion process finished.
Run time (full mode): 12.27s
Timing log: /home/ubuntu/w4/SWAT4HCLS_2027/RQ2/work/converted/expanded/run_metrics/breakends-v4.5__20260915T134607/wrapper_execution_times.csv
Metrics summary: /home/ubuntu/w4/SWAT4HCLS_2027/RQ2/work/converted/expanded/run_metrics/breakends-v4.5__20260915T134607/summary.json
Step 1/5: Validating inputs ✅
  Metrics: /home/ubuntu/w4/SWAT4HCLS_2027/RQ2/work/converted/condensed/run_metrics/breakends-v4.5__20260915T134620
  Detailed logs: /home/ubuntu/w4/SWAT4HCLS_2027/RQ2/work/converted/condensed/run_metrics/breakends-v4.5__20260915T134620/logs/wrapper.log
  Progress log: /home/ubuntu/w4/SWAT4HCLS_2027/RQ2/work/converted/condensed/run_metrics/breakends-v4.5__20260915T134620/logs/progress.log
Step 2/5: Ensuring Docker image is available ✅
Step 3/5: Processing per-input pipeline (TSV -> RDF -> compression)
  Sample representation: condensed
  INFO representation: structured
  Header representation: structured
  - Input 1/1: breakends-v4.5.vcf
    * TSV conversion ✅
    * VCF version: VCFv4.5 (detected)
    * RDF conversion ✅
    * Streaming condensed multi-sample RDF (no expanded helper TSVs)
    * Condensed matrices streamed: 3; FORMAT vectors: 3; reusable samples: 1
    * Streaming structured header RDF
    * Header lines typed: 7; contigs: 2
    * Streaming QUAL and structured INFO RDF
    * QUAL values streamed: 3; INFO values: 2; declarations: 1
    * Triples produced: 303
    * Compression ✅
    * Output directory: /home/ubuntu/w4/SWAT4HCLS_2027/RQ2/work/converted/condensed/breakends-v4.5
      - RDF aggregate: breakends-v4.5.nt.gz
      - RDF (.gz): 4.30 KB (kept (compression methods set to none))
      - Compression: none selected
      - Final RDF size (no compression): 4.30 KB
Total triples produced (full run): 303
Conversion process finished.
Run time (full mode): 12.55s
Timing log: /home/ubuntu/w4/SWAT4HCLS_2027/RQ2/work/converted/condensed/run_metrics/breakends-v4.5__20260915T134620/wrapper_execution_times.csv
Metrics summary: /home/ubuntu/w4/SWAT4HCLS_2027/RQ2/work/converted/condensed/run_metrics/breakends-v4.5__20260915T134620/summary.json
Step 1/5: Validating inputs ✅
  Metrics: /home/ubuntu/w4/SWAT4HCLS_2027/RQ2/work/converted/expanded/run_metrics/contig-insertions-v4.5__20260915T134632
  Detailed logs: /home/ubuntu/w4/SWAT4HCLS_2027/RQ2/work/converted/expanded/run_metrics/contig-insertions-v4.5__20260915T134632/logs/wrapper.log
  Progress log: /home/ubuntu/w4/SWAT4HCLS_2027/RQ2/work/converted/expanded/run_metrics/contig-insertions-v4.5__20260915T134632/logs/progress.log
Step 2/5: Ensuring Docker image is available ✅
Step 3/5: Processing per-input pipeline (TSV -> RDF -> compression)
  Sample representation: expanded
  INFO representation: structured
  Header representation: structured
  - Input 1/1: contig-insertions-v4.5.vcf
    * TSV conversion ✅
    * VCF version: VCFv4.5 (detected)
    * RDF conversion ✅
    * Streaming expanded multi-sample RDF (no expanded helper TSVs)
    * Sample calls streamed: 0; FORMAT values: 0
    * Streaming structured header RDF
    * Header lines typed: 8; contigs: 1
    * Streaming QUAL and structured INFO RDF
    * QUAL values streamed: 8; INFO values: 18; declarations: 3
    * Triples produced: 499
    * Compression ✅
    * Output directory: /home/ubuntu/w4/SWAT4HCLS_2027/RQ2/work/converted/expanded/contig-insertions-v4.5
      - RDF aggregate: contig-insertions-v4.5.nt.gz
      - RDF (.gz): 4.99 KB (kept (compression methods set to none))
      - Compression: none selected
      - Final RDF size (no compression): 4.99 KB
Total triples produced (full run): 499
Conversion process finished.
Run time (full mode): 12.50s
Timing log: /home/ubuntu/w4/SWAT4HCLS_2027/RQ2/work/converted/expanded/run_metrics/contig-insertions-v4.5__20260915T134632/wrapper_execution_times.csv
Metrics summary: /home/ubuntu/w4/SWAT4HCLS_2027/RQ2/work/converted/expanded/run_metrics/contig-insertions-v4.5__20260915T134632/summary.json
Step 1/5: Validating inputs ✅
  Metrics: /home/ubuntu/w4/SWAT4HCLS_2027/RQ2/work/converted/condensed/run_metrics/contig-insertions-v4.5__20260915T134645
  Detailed logs: /home/ubuntu/w4/SWAT4HCLS_2027/RQ2/work/converted/condensed/run_metrics/contig-insertions-v4.5__20260915T134645/logs/wrapper.log
  Progress log: /home/ubuntu/w4/SWAT4HCLS_2027/RQ2/work/converted/condensed/run_metrics/contig-insertions-v4.5__20260915T134645/logs/progress.log
Step 2/5: Ensuring Docker image is available ✅
Step 3/5: Processing per-input pipeline (TSV -> RDF -> compression)
  Sample representation: condensed
  INFO representation: structured
  Header representation: structured
  - Input 1/1: contig-insertions-v4.5.vcf
    * TSV conversion ✅
    * VCF version: VCFv4.5 (detected)
    * RDF conversion ✅
    * Streaming condensed multi-sample RDF (no expanded helper TSVs)
    * Condensed matrices streamed: 0; FORMAT vectors: 0; reusable samples: 0
    * Streaming structured header RDF
    * Header lines typed: 8; contigs: 1
    * Streaming QUAL and structured INFO RDF
    * QUAL values streamed: 8; INFO values: 18; declarations: 3
    * Triples produced: 499
    * Compression ✅
    * Output directory: /home/ubuntu/w4/SWAT4HCLS_2027/RQ2/work/converted/condensed/contig-insertions-v4.5
      - RDF aggregate: contig-insertions-v4.5.nt.gz
      - RDF (.gz): 5.42 KB (kept (compression methods set to none))
      - Compression: none selected
      - Final RDF size (no compression): 5.42 KB
Total triples produced (full run): 499
Conversion process finished.
Run time (full mode): 12.36s
Timing log: /home/ubuntu/w4/SWAT4HCLS_2027/RQ2/work/converted/condensed/run_metrics/contig-insertions-v4.5__20260915T134645/wrapper_execution_times.csv
Metrics summary: /home/ubuntu/w4/SWAT4HCLS_2027/RQ2/work/converted/condensed/run_metrics/contig-insertions-v4.5__20260915T134645/summary.json
Step 1/5: Validating inputs ✅
  Metrics: /home/ubuntu/w4/SWAT4HCLS_2027/RQ2/work/converted/expanded/run_metrics/features-v4.5__20260915T134658
  Detailed logs: /home/ubuntu/w4/SWAT4HCLS_2027/RQ2/work/converted/expanded/run_metrics/features-v4.5__20260915T134658/logs/wrapper.log
  Progress log: /home/ubuntu/w4/SWAT4HCLS_2027/RQ2/work/converted/expanded/run_metrics/features-v4.5__20260915T134658/logs/progress.log
Step 2/5: Ensuring Docker image is available ✅
Step 3/5: Processing per-input pipeline (TSV -> RDF -> compression)
  Sample representation: expanded
  INFO representation: structured
  Header representation: structured
  - Input 1/1: features-v4.5.vcf
    * TSV conversion ✅
    * VCF version: VCFv4.5 (detected)
    * RDF conversion ✅
    * Streaming expanded multi-sample RDF (no expanded helper TSVs)
    * Sample calls streamed: 3; FORMAT values: 14
    * Streaming structured header RDF
    * Header lines typed: 29; contigs: 2
    * Streaming QUAL and structured INFO RDF
    * QUAL values streamed: 3; INFO values: 5; declarations: 4
    * Triples produced: 1,273
    * Compression ✅
    * Output directory: /home/ubuntu/w4/SWAT4HCLS_2027/RQ2/work/converted/expanded/features-v4.5
      - RDF aggregate: features-v4.5.nt.gz
      - RDF (.gz): 10.11 KB (kept (compression methods set to none))
      - Compression: none selected
      - Final RDF size (no compression): 10.11 KB
Total triples produced (full run): 1,273
Conversion process finished.
Run time (full mode): 12.54s
Timing log: /home/ubuntu/w4/SWAT4HCLS_2027/RQ2/work/converted/expanded/run_metrics/features-v4.5__20260915T134658/wrapper_execution_times.csv
Metrics summary: /home/ubuntu/w4/SWAT4HCLS_2027/RQ2/work/converted/expanded/run_metrics/features-v4.5__20260915T134658/summary.json
Step 1/5: Validating inputs ✅
  Metrics: /home/ubuntu/w4/SWAT4HCLS_2027/RQ2/work/converted/condensed/run_metrics/features-v4.5__20260915T134710
  Detailed logs: /home/ubuntu/w4/SWAT4HCLS_2027/RQ2/work/converted/condensed/run_metrics/features-v4.5__20260915T134710/logs/wrapper.log
  Progress log: /home/ubuntu/w4/SWAT4HCLS_2027/RQ2/work/converted/condensed/run_metrics/features-v4.5__20260915T134710/logs/progress.log
Step 2/5: Ensuring Docker image is available ✅
Step 3/5: Processing per-input pipeline (TSV -> RDF -> compression)
  Sample representation: condensed
  INFO representation: structured
  Header representation: structured
  - Input 1/1: features-v4.5.vcf
    * TSV conversion ✅
    * VCF version: VCFv4.5 (detected)
    * RDF conversion ✅
    * Streaming condensed multi-sample RDF (no expanded helper TSVs)
    * Condensed matrices streamed: 3; FORMAT vectors: 14; reusable samples: 1
    * Streaming structured header RDF
    * Header lines typed: 29; contigs: 2
    * Streaming QUAL and structured INFO RDF
    * QUAL values streamed: 3; INFO values: 5; declarations: 4
    * Triples produced: 1,076
    * Compression ✅
    * Output directory: /home/ubuntu/w4/SWAT4HCLS_2027/RQ2/work/converted/condensed/features-v4.5
      - RDF aggregate: features-v4.5.nt.gz
      - RDF (.gz): 8.42 KB (kept (compression methods set to none))
      - Compression: none selected
      - Final RDF size (no compression): 8.42 KB
Total triples produced (full run): 1,076
Conversion process finished.
Run time (full mode): 12.36s
Timing log: /home/ubuntu/w4/SWAT4HCLS_2027/RQ2/work/converted/condensed/run_metrics/features-v4.5__20260915T134710/wrapper_execution_times.csv
Metrics summary: /home/ubuntu/w4/SWAT4HCLS_2027/RQ2/work/converted/condensed/run_metrics/features-v4.5__20260915T134710/summary.json
Step 1/5: Validating inputs ✅
  Metrics: /home/ubuntu/w4/SWAT4HCLS_2027/RQ2/work/converted/expanded/run_metrics/filter-samples-v4.1__20260915T134723
  Detailed logs: /home/ubuntu/w4/SWAT4HCLS_2027/RQ2/work/converted/expanded/run_metrics/filter-samples-v4.1__20260915T134723/logs/wrapper.log
  Progress log: /home/ubuntu/w4/SWAT4HCLS_2027/RQ2/work/converted/expanded/run_metrics/filter-samples-v4.1__20260915T134723/logs/progress.log
Step 2/5: Ensuring Docker image is available ✅
Step 3/5: Processing per-input pipeline (TSV -> RDF -> compression)
  Sample representation: expanded
  INFO representation: structured
  Header representation: structured
  - Input 1/1: filter-samples-v4.1.vcf
    * TSV conversion ✅
    * VCF version: VCFv4.1 (detected)
    * RDF conversion ✅
    * Streaming expanded multi-sample RDF (no expanded helper TSVs)
    * Sample calls streamed: 3; FORMAT values: 6
    * Streaming structured header RDF
    * Header lines typed: 6; contigs: 1
    * Streaming QUAL and structured INFO RDF
    * QUAL values streamed: 1; INFO values: 0; declarations: 0
    * Triples produced: 274
    * Compression ✅
    * Output directory: /home/ubuntu/w4/SWAT4HCLS_2027/RQ2/work/converted/expanded/filter-samples-v4.1
      - RDF aggregate: filter-samples-v4.1.nt.gz
      - RDF (.gz): 3.62 KB (kept (compression methods set to none))
      - Compression: none selected
      - Final RDF size (no compression): 3.62 KB
Total triples produced (full run): 274
Conversion process finished.
Run time (full mode): 12.41s
Timing log: /home/ubuntu/w4/SWAT4HCLS_2027/RQ2/work/converted/expanded/run_metrics/filter-samples-v4.1__20260915T134723/wrapper_execution_times.csv
Metrics summary: /home/ubuntu/w4/SWAT4HCLS_2027/RQ2/work/converted/expanded/run_metrics/filter-samples-v4.1__20260915T134723/summary.json
Step 1/5: Validating inputs ✅
  Metrics: /home/ubuntu/w4/SWAT4HCLS_2027/RQ2/work/converted/condensed/run_metrics/filter-samples-v4.1__20260915T134735
  Detailed logs: /home/ubuntu/w4/SWAT4HCLS_2027/RQ2/work/converted/condensed/run_metrics/filter-samples-v4.1__20260915T134735/logs/wrapper.log
  Progress log: /home/ubuntu/w4/SWAT4HCLS_2027/RQ2/work/converted/condensed/run_metrics/filter-samples-v4.1__20260915T134735/logs/progress.log
Step 2/5: Ensuring Docker image is available ✅
Step 3/5: Processing per-input pipeline (TSV -> RDF -> compression)
  Sample representation: condensed
  INFO representation: structured
  Header representation: structured
  - Input 1/1: filter-samples-v4.1.vcf
    * TSV conversion ✅
    * VCF version: VCFv4.1 (detected)
    * RDF conversion ✅
    * Streaming condensed multi-sample RDF (no expanded helper TSVs)
    * Condensed matrices streamed: 1; FORMAT vectors: 2; reusable samples: 3
    * Streaming structured header RDF
    * Header lines typed: 6; contigs: 1
    * Streaming QUAL and structured INFO RDF
    * QUAL values streamed: 1; INFO values: 0; declarations: 0
    * Triples produced: 197
    * Compression ✅
    * Output directory: /home/ubuntu/w4/SWAT4HCLS_2027/RQ2/work/converted/condensed/filter-samples-v4.1
      - RDF aggregate: filter-samples-v4.1.nt.gz
      - RDF (.gz): 3.29 KB (kept (compression methods set to none))
      - Compression: none selected
      - Final RDF size (no compression): 3.29 KB
Total triples produced (full run): 197
Conversion process finished.
Run time (full mode): 12.51s
Timing log: /home/ubuntu/w4/SWAT4HCLS_2027/RQ2/work/converted/condensed/run_metrics/filter-samples-v4.1__20260915T134735/wrapper_execution_times.csv
Metrics summary: /home/ubuntu/w4/SWAT4HCLS_2027/RQ2/work/converted/condensed/run_metrics/filter-samples-v4.1__20260915T134735/summary.json
Step 1/5: Validating inputs ✅
  Metrics: /home/ubuntu/w4/SWAT4HCLS_2027/RQ2/work/converted/expanded/run_metrics/filter-samples-v4.2__20260915T134748
  Detailed logs: /home/ubuntu/w4/SWAT4HCLS_2027/RQ2/work/converted/expanded/run_metrics/filter-samples-v4.2__20260915T134748/logs/wrapper.log
  Progress log: /home/ubuntu/w4/SWAT4HCLS_2027/RQ2/work/converted/expanded/run_metrics/filter-samples-v4.2__20260915T134748/logs/progress.log
Step 2/5: Ensuring Docker image is available ✅
Step 3/5: Processing per-input pipeline (TSV -> RDF -> compression)
  Sample representation: expanded
  INFO representation: structured
  Header representation: structured
  - Input 1/1: filter-samples-v4.2.vcf
    * TSV conversion ✅
    * VCF version: VCFv4.2 (detected)
    * RDF conversion ✅
    * Streaming expanded multi-sample RDF (no expanded helper TSVs)
    * Sample calls streamed: 3; FORMAT values: 6
    * Streaming structured header RDF
    * Header lines typed: 6; contigs: 1
    * Streaming QUAL and structured INFO RDF
    * QUAL values streamed: 1; INFO values: 0; declarations: 0
    * Triples produced: 274
    * Compression ✅
    * Output directory: /home/ubuntu/w4/SWAT4HCLS_2027/RQ2/work/converted/expanded/filter-samples-v4.2
      - RDF aggregate: filter-samples-v4.2.nt.gz
      - RDF (.gz): 4.07 KB (kept (compression methods set to none))
      - Compression: none selected
      - Final RDF size (no compression): 4.07 KB
Total triples produced (full run): 274
Conversion process finished.
Run time (full mode): 12.32s
Timing log: /home/ubuntu/w4/SWAT4HCLS_2027/RQ2/work/converted/expanded/run_metrics/filter-samples-v4.2__20260915T134748/wrapper_execution_times.csv
Metrics summary: /home/ubuntu/w4/SWAT4HCLS_2027/RQ2/work/converted/expanded/run_metrics/filter-samples-v4.2__20260915T134748/summary.json
Step 1/5: Validating inputs ✅
  Metrics: /home/ubuntu/w4/SWAT4HCLS_2027/RQ2/work/converted/condensed/run_metrics/filter-samples-v4.2__20260915T134801
  Detailed logs: /home/ubuntu/w4/SWAT4HCLS_2027/RQ2/work/converted/condensed/run_metrics/filter-samples-v4.2__20260915T134801/logs/wrapper.log
  Progress log: /home/ubuntu/w4/SWAT4HCLS_2027/RQ2/work/converted/condensed/run_metrics/filter-samples-v4.2__20260915T134801/logs/progress.log
Step 2/5: Ensuring Docker image is available ✅
Step 3/5: Processing per-input pipeline (TSV -> RDF -> compression)
  Sample representation: condensed
  INFO representation: structured
  Header representation: structured
  - Input 1/1: filter-samples-v4.2.vcf
    * TSV conversion ✅
    * VCF version: VCFv4.2 (detected)
    * RDF conversion ✅
    * Streaming condensed multi-sample RDF (no expanded helper TSVs)
    * Condensed matrices streamed: 1; FORMAT vectors: 2; reusable samples: 3
    * Streaming structured header RDF
    * Header lines typed: 6; contigs: 1
    * Streaming QUAL and structured INFO RDF
    * QUAL values streamed: 1; INFO values: 0; declarations: 0
    * Triples produced: 197
    * Compression ✅
    * Output directory: /home/ubuntu/w4/SWAT4HCLS_2027/RQ2/work/converted/condensed/filter-samples-v4.2
      - RDF aggregate: filter-samples-v4.2.nt.gz
      - RDF (.gz): 3.49 KB (kept (compression methods set to none))
      - Compression: none selected
      - Final RDF size (no compression): 3.49 KB
Total triples produced (full run): 197
Conversion process finished.
Run time (full mode): 12.70s
Timing log: /home/ubuntu/w4/SWAT4HCLS_2027/RQ2/work/converted/condensed/run_metrics/filter-samples-v4.2__20260915T134801/wrapper_execution_times.csv
Metrics summary: /home/ubuntu/w4/SWAT4HCLS_2027/RQ2/work/converted/condensed/run_metrics/filter-samples-v4.2__20260915T134801/summary.json
Step 1/5: Validating inputs ✅
  Metrics: /home/ubuntu/w4/SWAT4HCLS_2027/RQ2/work/converted/expanded/run_metrics/filter-samples-v4.3__20260915T134813
  Detailed logs: /home/ubuntu/w4/SWAT4HCLS_2027/RQ2/work/converted/expanded/run_metrics/filter-samples-v4.3__20260915T134813/logs/wrapper.log
  Progress log: /home/ubuntu/w4/SWAT4HCLS_2027/RQ2/work/converted/expanded/run_metrics/filter-samples-v4.3__20260915T134813/logs/progress.log
Step 2/5: Ensuring Docker image is available ✅
Step 3/5: Processing per-input pipeline (TSV -> RDF -> compression)
  Sample representation: expanded
  INFO representation: structured
  Header representation: structured
  - Input 1/1: filter-samples-v4.3.vcf
    * TSV conversion ✅
    * VCF version: VCFv4.3 (detected)
    * RDF conversion ✅
    * Streaming expanded multi-sample RDF (no expanded helper TSVs)
    * Sample calls streamed: 3; FORMAT values: 6
    * Streaming structured header RDF
    * Header lines typed: 6; contigs: 1
    * Streaming QUAL and structured INFO RDF
    * QUAL values streamed: 1; INFO values: 0; declarations: 0
    * Triples produced: 274
    * Compression ✅
    * Output directory: /home/ubuntu/w4/SWAT4HCLS_2027/RQ2/work/converted/expanded/filter-samples-v4.3
      - RDF aggregate: filter-samples-v4.3.nt.gz
      - RDF (.gz): 3.90 KB (kept (compression methods set to none))
      - Compression: none selected
      - Final RDF size (no compression): 3.90 KB
Total triples produced (full run): 274
Conversion process finished.
Run time (full mode): 12.47s
Timing log: /home/ubuntu/w4/SWAT4HCLS_2027/RQ2/work/converted/expanded/run_metrics/filter-samples-v4.3__20260915T134813/wrapper_execution_times.csv
Metrics summary: /home/ubuntu/w4/SWAT4HCLS_2027/RQ2/work/converted/expanded/run_metrics/filter-samples-v4.3__20260915T134813/summary.json
Step 1/5: Validating inputs ✅
  Metrics: /home/ubuntu/w4/SWAT4HCLS_2027/RQ2/work/converted/condensed/run_metrics/filter-samples-v4.3__20260915T134826
  Detailed logs: /home/ubuntu/w4/SWAT4HCLS_2027/RQ2/work/converted/condensed/run_metrics/filter-samples-v4.3__20260915T134826/logs/wrapper.log
  Progress log: /home/ubuntu/w4/SWAT4HCLS_2027/RQ2/work/converted/condensed/run_metrics/filter-samples-v4.3__20260915T134826/logs/progress.log
Step 2/5: Ensuring Docker image is available ✅
Step 3/5: Processing per-input pipeline (TSV -> RDF -> compression)
  Sample representation: condensed
  INFO representation: structured
  Header representation: structured
  - Input 1/1: filter-samples-v4.3.vcf
    * TSV conversion ✅
    * VCF version: VCFv4.3 (detected)
    * RDF conversion ✅
    * Streaming condensed multi-sample RDF (no expanded helper TSVs)
    * Condensed matrices streamed: 1; FORMAT vectors: 2; reusable samples: 3
    * Streaming structured header RDF
    * Header lines typed: 6; contigs: 1
    * Streaming QUAL and structured INFO RDF
    * QUAL values streamed: 1; INFO values: 0; declarations: 0
    * Triples produced: 197
    * Compression ✅
    * Output directory: /home/ubuntu/w4/SWAT4HCLS_2027/RQ2/work/converted/condensed/filter-samples-v4.3
      - RDF aggregate: filter-samples-v4.3.nt.gz
      - RDF (.gz): 2.77 KB (kept (compression methods set to none))
      - Compression: none selected
      - Final RDF size (no compression): 2.77 KB
Total triples produced (full run): 197
Conversion process finished.
Run time (full mode): 12.42s
Timing log: /home/ubuntu/w4/SWAT4HCLS_2027/RQ2/work/converted/condensed/run_metrics/filter-samples-v4.3__20260915T134826/wrapper_execution_times.csv
Metrics summary: /home/ubuntu/w4/SWAT4HCLS_2027/RQ2/work/converted/condensed/run_metrics/filter-samples-v4.3__20260915T134826/summary.json
Step 1/5: Validating inputs ✅
  Metrics: /home/ubuntu/w4/SWAT4HCLS_2027/RQ2/work/converted/expanded/run_metrics/filter-samples-v4.4__20260915T134839
  Detailed logs: /home/ubuntu/w4/SWAT4HCLS_2027/RQ2/work/converted/expanded/run_metrics/filter-samples-v4.4__20260915T134839/logs/wrapper.log
  Progress log: /home/ubuntu/w4/SWAT4HCLS_2027/RQ2/work/converted/expanded/run_metrics/filter-samples-v4.4__20260915T134839/logs/progress.log
Step 2/5: Ensuring Docker image is available ✅
Step 3/5: Processing per-input pipeline (TSV -> RDF -> compression)
  Sample representation: expanded
  INFO representation: structured
  Header representation: structured
  - Input 1/1: filter-samples-v4.4.vcf
    * TSV conversion ✅
    * VCF version: VCFv4.4 (detected)
    * RDF conversion ✅
    * Streaming expanded multi-sample RDF (no expanded helper TSVs)
    * Sample calls streamed: 3; FORMAT values: 6
    * Streaming structured header RDF
    * Header lines typed: 6; contigs: 1
    * Streaming QUAL and structured INFO RDF
    * QUAL values streamed: 1; INFO values: 0; declarations: 0
    * Triples produced: 274
    * Compression ✅
    * Output directory: /home/ubuntu/w4/SWAT4HCLS_2027/RQ2/work/converted/expanded/filter-samples-v4.4
      - RDF aggregate: filter-samples-v4.4.nt.gz
      - RDF (.gz): 3.62 KB (kept (compression methods set to none))
      - Compression: none selected
      - Final RDF size (no compression): 3.62 KB
Total triples produced (full run): 274
Conversion process finished.
Run time (full mode): 12.60s
Timing log: /home/ubuntu/w4/SWAT4HCLS_2027/RQ2/work/converted/expanded/run_metrics/filter-samples-v4.4__20260915T134839/wrapper_execution_times.csv
Metrics summary: /home/ubuntu/w4/SWAT4HCLS_2027/RQ2/work/converted/expanded/run_metrics/filter-samples-v4.4__20260915T134839/summary.json
Step 1/5: Validating inputs ✅
  Metrics: /home/ubuntu/w4/SWAT4HCLS_2027/RQ2/work/converted/condensed/run_metrics/filter-samples-v4.4__20260915T134851
  Detailed logs: /home/ubuntu/w4/SWAT4HCLS_2027/RQ2/work/converted/condensed/run_metrics/filter-samples-v4.4__20260915T134851/logs/wrapper.log
  Progress log: /home/ubuntu/w4/SWAT4HCLS_2027/RQ2/work/converted/condensed/run_metrics/filter-samples-v4.4__20260915T134851/logs/progress.log
Step 2/5: Ensuring Docker image is available ✅
Step 3/5: Processing per-input pipeline (TSV -> RDF -> compression)
  Sample representation: condensed
  INFO representation: structured
  Header representation: structured
  - Input 1/1: filter-samples-v4.4.vcf
    * TSV conversion ✅
    * VCF version: VCFv4.4 (detected)
    * RDF conversion ✅
    * Streaming condensed multi-sample RDF (no expanded helper TSVs)
    * Condensed matrices streamed: 1; FORMAT vectors: 2; reusable samples: 3
    * Streaming structured header RDF
    * Header lines typed: 6; contigs: 1
    * Streaming QUAL and structured INFO RDF
    * QUAL values streamed: 1; INFO values: 0; declarations: 0
    * Triples produced: 197
    * Compression ✅
    * Output directory: /home/ubuntu/w4/SWAT4HCLS_2027/RQ2/work/converted/condensed/filter-samples-v4.4
      - RDF aggregate: filter-samples-v4.4.nt.gz
      - RDF (.gz): 3.12 KB (kept (compression methods set to none))
      - Compression: none selected
      - Final RDF size (no compression): 3.12 KB
Total triples produced (full run): 197
Conversion process finished.
Run time (full mode): 12.29s
Timing log: /home/ubuntu/w4/SWAT4HCLS_2027/RQ2/work/converted/condensed/run_metrics/filter-samples-v4.4__20260915T134851/wrapper_execution_times.csv
Metrics summary: /home/ubuntu/w4/SWAT4HCLS_2027/RQ2/work/converted/condensed/run_metrics/filter-samples-v4.4__20260915T134851/summary.json
Step 1/5: Validating inputs ✅
  Metrics: /home/ubuntu/w4/SWAT4HCLS_2027/RQ2/work/converted/expanded/run_metrics/filter-samples-v4.5__20260915T134904
  Detailed logs: /home/ubuntu/w4/SWAT4HCLS_2027/RQ2/work/converted/expanded/run_metrics/filter-samples-v4.5__20260915T134904/logs/wrapper.log
  Progress log: /home/ubuntu/w4/SWAT4HCLS_2027/RQ2/work/converted/expanded/run_metrics/filter-samples-v4.5__20260915T134904/logs/progress.log
Step 2/5: Ensuring Docker image is available ✅
Step 3/5: Processing per-input pipeline (TSV -> RDF -> compression)
  Sample representation: expanded
  INFO representation: structured
  Header representation: structured
  - Input 1/1: filter-samples-v4.5.vcf
    * TSV conversion ✅
    * VCF version: VCFv4.5 (detected)
    * RDF conversion ✅
    * Streaming expanded multi-sample RDF (no expanded helper TSVs)
    * Sample calls streamed: 3; FORMAT values: 6
    * Streaming structured header RDF
    * Header lines typed: 6; contigs: 1
    * Streaming QUAL and structured INFO RDF
    * QUAL values streamed: 1; INFO values: 0; declarations: 0
    * Triples produced: 274
    * Compression ✅
    * Output directory: /home/ubuntu/w4/SWAT4HCLS_2027/RQ2/work/converted/expanded/filter-samples-v4.5
      - RDF aggregate: filter-samples-v4.5.nt.gz
      - RDF (.gz): 3.48 KB (kept (compression methods set to none))
      - Compression: none selected
      - Final RDF size (no compression): 3.48 KB
Total triples produced (full run): 274
Conversion process finished.
Run time (full mode): 12.39s
Timing log: /home/ubuntu/w4/SWAT4HCLS_2027/RQ2/work/converted/expanded/run_metrics/filter-samples-v4.5__20260915T134904/wrapper_execution_times.csv
Metrics summary: /home/ubuntu/w4/SWAT4HCLS_2027/RQ2/work/converted/expanded/run_metrics/filter-samples-v4.5__20260915T134904/summary.json
Step 1/5: Validating inputs ✅
  Metrics: /home/ubuntu/w4/SWAT4HCLS_2027/RQ2/work/converted/condensed/run_metrics/filter-samples-v4.5__20260915T134916
  Detailed logs: /home/ubuntu/w4/SWAT4HCLS_2027/RQ2/work/converted/condensed/run_metrics/filter-samples-v4.5__20260915T134916/logs/wrapper.log
  Progress log: /home/ubuntu/w4/SWAT4HCLS_2027/RQ2/work/converted/condensed/run_metrics/filter-samples-v4.5__20260915T134916/logs/progress.log
Step 2/5: Ensuring Docker image is available ✅
Step 3/5: Processing per-input pipeline (TSV -> RDF -> compression)
  Sample representation: condensed
  INFO representation: structured
  Header representation: structured
  - Input 1/1: filter-samples-v4.5.vcf
    * TSV conversion ✅
    * VCF version: VCFv4.5 (detected)
    * RDF conversion ✅
    * Streaming condensed multi-sample RDF (no expanded helper TSVs)
    * Condensed matrices streamed: 1; FORMAT vectors: 2; reusable samples: 3
    * Streaming structured header RDF
    * Header lines typed: 6; contigs: 1
    * Streaming QUAL and structured INFO RDF
    * QUAL values streamed: 1; INFO values: 0; declarations: 0
    * Triples produced: 197
    * Compression ✅
    * Output directory: /home/ubuntu/w4/SWAT4HCLS_2027/RQ2/work/converted/condensed/filter-samples-v4.5
      - RDF aggregate: filter-samples-v4.5.nt.gz
      - RDF (.gz): 3.30 KB (kept (compression methods set to none))
      - Compression: none selected
      - Final RDF size (no compression): 3.30 KB
Total triples produced (full run): 197
Conversion process finished.
Run time (full mode): 12.33s
Timing log: /home/ubuntu/w4/SWAT4HCLS_2027/RQ2/work/converted/condensed/run_metrics/filter-samples-v4.5__20260915T134916/wrapper_execution_times.csv
Metrics summary: /home/ubuntu/w4/SWAT4HCLS_2027/RQ2/work/converted/condensed/run_metrics/filter-samples-v4.5__20260915T134916/summary.json
Step 1/5: Validating inputs ✅
  Metrics: /home/ubuntu/w4/SWAT4HCLS_2027/RQ2/work/converted/expanded/run_metrics/gvcf-v4.5__20260915T134929
  Detailed logs: /home/ubuntu/w4/SWAT4HCLS_2027/RQ2/work/converted/expanded/run_metrics/gvcf-v4.5__20260915T134929/logs/wrapper.log
  Progress log: /home/ubuntu/w4/SWAT4HCLS_2027/RQ2/work/converted/expanded/run_metrics/gvcf-v4.5__20260915T134929/logs/progress.log
Step 2/5: Ensuring Docker image is available ✅
Step 3/5: Processing per-input pipeline (TSV -> RDF -> compression)
  Sample representation: expanded
  INFO representation: structured
  Header representation: structured
  - Input 1/1: gvcf-v4.5.vcf
    * TSV conversion ✅
    * VCF version: VCFv4.5 (detected)
    * RDF conversion ✅
    * Streaming expanded multi-sample RDF (no expanded helper TSVs)
    * Sample calls streamed: 4; FORMAT values: 12
    * Streaming structured header RDF
    * Header lines typed: 10; contigs: 2
    * Streaming QUAL and structured INFO RDF
    * QUAL values streamed: 2; INFO values: 0; declarations: 0
    * Triples produced: 460
    * Compression ✅
    * Output directory: /home/ubuntu/w4/SWAT4HCLS_2027/RQ2/work/converted/expanded/gvcf-v4.5
      - RDF aggregate: gvcf-v4.5.nt.gz
      - RDF (.gz): 4.79 KB (kept (compression methods set to none))
      - Compression: none selected
      - Final RDF size (no compression): 4.79 KB
Total triples produced (full run): 460
Conversion process finished.
Run time (full mode): 12.27s
Timing log: /home/ubuntu/w4/SWAT4HCLS_2027/RQ2/work/converted/expanded/run_metrics/gvcf-v4.5__20260915T134929/wrapper_execution_times.csv
Metrics summary: /home/ubuntu/w4/SWAT4HCLS_2027/RQ2/work/converted/expanded/run_metrics/gvcf-v4.5__20260915T134929/summary.json
Step 1/5: Validating inputs ✅
  Metrics: /home/ubuntu/w4/SWAT4HCLS_2027/RQ2/work/converted/condensed/run_metrics/gvcf-v4.5__20260915T134941
  Detailed logs: /home/ubuntu/w4/SWAT4HCLS_2027/RQ2/work/converted/condensed/run_metrics/gvcf-v4.5__20260915T134941/logs/wrapper.log
  Progress log: /home/ubuntu/w4/SWAT4HCLS_2027/RQ2/work/converted/condensed/run_metrics/gvcf-v4.5__20260915T134941/logs/progress.log
Step 2/5: Ensuring Docker image is available ✅
Step 3/5: Processing per-input pipeline (TSV -> RDF -> compression)
  Sample representation: condensed
  INFO representation: structured
  Header representation: structured
  - Input 1/1: gvcf-v4.5.vcf
    * TSV conversion ✅
    * VCF version: VCFv4.5 (detected)
    * RDF conversion ✅
    * Streaming condensed multi-sample RDF (no expanded helper TSVs)
    * Condensed matrices streamed: 2; FORMAT vectors: 6; reusable samples: 2
    * Streaming structured header RDF
    * Header lines typed: 10; contigs: 2
    * Streaming QUAL and structured INFO RDF
    * QUAL values streamed: 2; INFO values: 0; declarations: 0
    * Triples produced: 331
    * Compression ✅
    * Output directory: /home/ubuntu/w4/SWAT4HCLS_2027/RQ2/work/converted/condensed/gvcf-v4.5
      - RDF aggregate: gvcf-v4.5.nt.gz
      - RDF (.gz): 3.88 KB (kept (compression methods set to none))
      - Compression: none selected
      - Final RDF size (no compression): 3.88 KB
Total triples produced (full run): 331
Conversion process finished.
Run time (full mode): 12.29s
Timing log: /home/ubuntu/w4/SWAT4HCLS_2027/RQ2/work/converted/condensed/run_metrics/gvcf-v4.5__20260915T134941/wrapper_execution_times.csv
Metrics summary: /home/ubuntu/w4/SWAT4HCLS_2027/RQ2/work/converted/condensed/run_metrics/gvcf-v4.5__20260915T134941/summary.json
Step 1/5: Validating inputs ✅
  Metrics: /home/ubuntu/w4/SWAT4HCLS_2027/RQ2/work/converted/expanded/run_metrics/header-audit-v4.1__20260915T134954
  Detailed logs: /home/ubuntu/w4/SWAT4HCLS_2027/RQ2/work/converted/expanded/run_metrics/header-audit-v4.1__20260915T134954/logs/wrapper.log
  Progress log: /home/ubuntu/w4/SWAT4HCLS_2027/RQ2/work/converted/expanded/run_metrics/header-audit-v4.1__20260915T134954/logs/progress.log
Step 2/5: Ensuring Docker image is available ✅
Step 3/5: Processing per-input pipeline (TSV -> RDF -> compression)
  Sample representation: expanded
  INFO representation: structured
  Header representation: structured
  - Input 1/1: header-audit-v4.1.vcf
    * TSV conversion ✅
    * VCF version: VCFv4.1 (detected)
    * RDF conversion ✅
    * Streaming expanded multi-sample RDF (no expanded helper TSVs)
    * Sample calls streamed: 0; FORMAT values: 0
    * Streaming structured header RDF
    * Header lines typed: 15; contigs: 2
    * Streaming QUAL and structured INFO RDF
    * QUAL values streamed: 1; INFO values: 8; declarations: 8
    * Triples produced: 505
    * Compression ✅
    * Output directory: /home/ubuntu/w4/SWAT4HCLS_2027/RQ2/work/converted/expanded/header-audit-v4.1
      - RDF aggregate: header-audit-v4.1.nt.gz
      - RDF (.gz): 5.29 KB (kept (compression methods set to none))
      - Compression: none selected
      - Final RDF size (no compression): 5.29 KB
Total triples produced (full run): 505
Conversion process finished.
Run time (full mode): 12.28s
Timing log: /home/ubuntu/w4/SWAT4HCLS_2027/RQ2/work/converted/expanded/run_metrics/header-audit-v4.1__20260915T134954/wrapper_execution_times.csv
Metrics summary: /home/ubuntu/w4/SWAT4HCLS_2027/RQ2/work/converted/expanded/run_metrics/header-audit-v4.1__20260915T134954/summary.json
Step 1/5: Validating inputs ✅
  Metrics: /home/ubuntu/w4/SWAT4HCLS_2027/RQ2/work/converted/condensed/run_metrics/header-audit-v4.1__20260915T135006
  Detailed logs: /home/ubuntu/w4/SWAT4HCLS_2027/RQ2/work/converted/condensed/run_metrics/header-audit-v4.1__20260915T135006/logs/wrapper.log
  Progress log: /home/ubuntu/w4/SWAT4HCLS_2027/RQ2/work/converted/condensed/run_metrics/header-audit-v4.1__20260915T135006/logs/progress.log
Step 2/5: Ensuring Docker image is available ✅
Step 3/5: Processing per-input pipeline (TSV -> RDF -> compression)
  Sample representation: condensed
  INFO representation: structured
  Header representation: structured
  - Input 1/1: header-audit-v4.1.vcf
    * TSV conversion ✅
    * VCF version: VCFv4.1 (detected)
    * RDF conversion ✅
    * Streaming condensed multi-sample RDF (no expanded helper TSVs)
    * Condensed matrices streamed: 0; FORMAT vectors: 0; reusable samples: 0
    * Streaming structured header RDF
    * Header lines typed: 15; contigs: 2
    * Streaming QUAL and structured INFO RDF
    * QUAL values streamed: 1; INFO values: 8; declarations: 8
    * Triples produced: 505
    * Compression ✅
    * Output directory: /home/ubuntu/w4/SWAT4HCLS_2027/RQ2/work/converted/condensed/header-audit-v4.1
      - RDF aggregate: header-audit-v4.1.nt.gz
      - RDF (.gz): 5.26 KB (kept (compression methods set to none))
      - Compression: none selected
      - Final RDF size (no compression): 5.26 KB
Total triples produced (full run): 505
Conversion process finished.
Run time (full mode): 12.46s
Timing log: /home/ubuntu/w4/SWAT4HCLS_2027/RQ2/work/converted/condensed/run_metrics/header-audit-v4.1__20260915T135006/wrapper_execution_times.csv
Metrics summary: /home/ubuntu/w4/SWAT4HCLS_2027/RQ2/work/converted/condensed/run_metrics/header-audit-v4.1__20260915T135006/summary.json
Step 1/5: Validating inputs ✅
  Metrics: /home/ubuntu/w4/SWAT4HCLS_2027/RQ2/work/converted/expanded/run_metrics/header-audit-v4.2__20260915T135019
  Detailed logs: /home/ubuntu/w4/SWAT4HCLS_2027/RQ2/work/converted/expanded/run_metrics/header-audit-v4.2__20260915T135019/logs/wrapper.log
  Progress log: /home/ubuntu/w4/SWAT4HCLS_2027/RQ2/work/converted/expanded/run_metrics/header-audit-v4.2__20260915T135019/logs/progress.log
Step 2/5: Ensuring Docker image is available ✅
Step 3/5: Processing per-input pipeline (TSV -> RDF -> compression)
  Sample representation: expanded
  INFO representation: structured
  Header representation: structured
  - Input 1/1: header-audit-v4.2.vcf
    * TSV conversion ✅
    * VCF version: VCFv4.2 (detected)
    * RDF conversion ✅
    * Streaming expanded multi-sample RDF (no expanded helper TSVs)
    * Sample calls streamed: 0; FORMAT values: 0
    * Streaming structured header RDF
    * Header lines typed: 16; contigs: 2
    * Streaming QUAL and structured INFO RDF
    * QUAL values streamed: 1; INFO values: 8; declarations: 8
    * Triples produced: 553
    * Compression ✅
    * Output directory: /home/ubuntu/w4/SWAT4HCLS_2027/RQ2/work/converted/expanded/header-audit-v4.2
      - RDF aggregate: header-audit-v4.2.nt.gz
      - RDF (.gz): 5.99 KB (kept (compression methods set to none))
      - Compression: none selected
      - Final RDF size (no compression): 5.99 KB
Total triples produced (full run): 553
Conversion process finished.
Run time (full mode): 12.35s
Timing log: /home/ubuntu/w4/SWAT4HCLS_2027/RQ2/work/converted/expanded/run_metrics/header-audit-v4.2__20260915T135019/wrapper_execution_times.csv
Metrics summary: /home/ubuntu/w4/SWAT4HCLS_2027/RQ2/work/converted/expanded/run_metrics/header-audit-v4.2__20260915T135019/summary.json
Step 1/5: Validating inputs ✅
  Metrics: /home/ubuntu/w4/SWAT4HCLS_2027/RQ2/work/converted/condensed/run_metrics/header-audit-v4.2__20260915T135032
  Detailed logs: /home/ubuntu/w4/SWAT4HCLS_2027/RQ2/work/converted/condensed/run_metrics/header-audit-v4.2__20260915T135032/logs/wrapper.log
  Progress log: /home/ubuntu/w4/SWAT4HCLS_2027/RQ2/work/converted/condensed/run_metrics/header-audit-v4.2__20260915T135032/logs/progress.log
Step 2/5: Ensuring Docker image is available ✅
Step 3/5: Processing per-input pipeline (TSV -> RDF -> compression)
  Sample representation: condensed
  INFO representation: structured
  Header representation: structured
  - Input 1/1: header-audit-v4.2.vcf
    * TSV conversion ✅
    * VCF version: VCFv4.2 (detected)
    * RDF conversion ✅
    * Streaming condensed multi-sample RDF (no expanded helper TSVs)
    * Condensed matrices streamed: 0; FORMAT vectors: 0; reusable samples: 0
    * Streaming structured header RDF
    * Header lines typed: 16; contigs: 2
    * Streaming QUAL and structured INFO RDF
    * QUAL values streamed: 1; INFO values: 8; declarations: 8
    * Triples produced: 553
    * Compression ✅
    * Output directory: /home/ubuntu/w4/SWAT4HCLS_2027/RQ2/work/converted/condensed/header-audit-v4.2
      - RDF aggregate: header-audit-v4.2.nt.gz
      - RDF (.gz): 5.85 KB (kept (compression methods set to none))
      - Compression: none selected
      - Final RDF size (no compression): 5.85 KB
Total triples produced (full run): 553
Conversion process finished.
Run time (full mode): 12.35s
Timing log: /home/ubuntu/w4/SWAT4HCLS_2027/RQ2/work/converted/condensed/run_metrics/header-audit-v4.2__20260915T135032/wrapper_execution_times.csv
Metrics summary: /home/ubuntu/w4/SWAT4HCLS_2027/RQ2/work/converted/condensed/run_metrics/header-audit-v4.2__20260915T135032/summary.json
Step 1/5: Validating inputs ✅
  Metrics: /home/ubuntu/w4/SWAT4HCLS_2027/RQ2/work/converted/expanded/run_metrics/header-audit-v4.3__20260915T135044
  Detailed logs: /home/ubuntu/w4/SWAT4HCLS_2027/RQ2/work/converted/expanded/run_metrics/header-audit-v4.3__20260915T135044/logs/wrapper.log
  Progress log: /home/ubuntu/w4/SWAT4HCLS_2027/RQ2/work/converted/expanded/run_metrics/header-audit-v4.3__20260915T135044/logs/progress.log
Step 2/5: Ensuring Docker image is available ✅
Step 3/5: Processing per-input pipeline (TSV -> RDF -> compression)
  Sample representation: expanded
  INFO representation: structured
  Header representation: structured
  - Input 1/1: header-audit-v4.3.vcf
    * TSV conversion ✅
    * VCF version: VCFv4.3 (detected)
    * RDF conversion ✅
    * Streaming expanded multi-sample RDF (no expanded helper TSVs)
    * Sample calls streamed: 0; FORMAT values: 0
    * Streaming structured header RDF
    * Header lines typed: 19; contigs: 2
    * Streaming QUAL and structured INFO RDF
    * QUAL values streamed: 1; INFO values: 8; declarations: 8
    * Triples produced: 633
    * Compression ✅
    * Output directory: /home/ubuntu/w4/SWAT4HCLS_2027/RQ2/work/converted/expanded/header-audit-v4.3
      - RDF aggregate: header-audit-v4.3.nt.gz
      - RDF (.gz): 5.68 KB (kept (compression methods set to none))
      - Compression: none selected
      - Final RDF size (no compression): 5.68 KB
Total triples produced (full run): 633
Conversion process finished.
Run time (full mode): 12.34s
Timing log: /home/ubuntu/w4/SWAT4HCLS_2027/RQ2/work/converted/expanded/run_metrics/header-audit-v4.3__20260915T135044/wrapper_execution_times.csv
Metrics summary: /home/ubuntu/w4/SWAT4HCLS_2027/RQ2/work/converted/expanded/run_metrics/header-audit-v4.3__20260915T135044/summary.json
Step 1/5: Validating inputs ✅
  Metrics: /home/ubuntu/w4/SWAT4HCLS_2027/RQ2/work/converted/condensed/run_metrics/header-audit-v4.3__20260915T135057
  Detailed logs: /home/ubuntu/w4/SWAT4HCLS_2027/RQ2/work/converted/condensed/run_metrics/header-audit-v4.3__20260915T135057/logs/wrapper.log
  Progress log: /home/ubuntu/w4/SWAT4HCLS_2027/RQ2/work/converted/condensed/run_metrics/header-audit-v4.3__20260915T135057/logs/progress.log
Step 2/5: Ensuring Docker image is available ✅
Step 3/5: Processing per-input pipeline (TSV -> RDF -> compression)
  Sample representation: condensed
  INFO representation: structured
  Header representation: structured
  - Input 1/1: header-audit-v4.3.vcf
    * TSV conversion ✅
    * VCF version: VCFv4.3 (detected)
    * RDF conversion ✅
    * Streaming condensed multi-sample RDF (no expanded helper TSVs)
    * Condensed matrices streamed: 0; FORMAT vectors: 0; reusable samples: 0
    * Streaming structured header RDF
    * Header lines typed: 19; contigs: 2
    * Streaming QUAL and structured INFO RDF
    * QUAL values streamed: 1; INFO values: 8; declarations: 8
    * Triples produced: 633
    * Compression ✅
    * Output directory: /home/ubuntu/w4/SWAT4HCLS_2027/RQ2/work/converted/condensed/header-audit-v4.3
      - RDF aggregate: header-audit-v4.3.nt.gz
      - RDF (.gz): 5.74 KB (kept (compression methods set to none))
      - Compression: none selected
      - Final RDF size (no compression): 5.74 KB
Total triples produced (full run): 633
Conversion process finished.
Run time (full mode): 12.65s
Timing log: /home/ubuntu/w4/SWAT4HCLS_2027/RQ2/work/converted/condensed/run_metrics/header-audit-v4.3__20260915T135057/wrapper_execution_times.csv
Metrics summary: /home/ubuntu/w4/SWAT4HCLS_2027/RQ2/work/converted/condensed/run_metrics/header-audit-v4.3__20260915T135057/summary.json
Step 1/5: Validating inputs ✅
  Metrics: /home/ubuntu/w4/SWAT4HCLS_2027/RQ2/work/converted/expanded/run_metrics/header-audit-v4.4__20260915T135109
  Detailed logs: /home/ubuntu/w4/SWAT4HCLS_2027/RQ2/work/converted/expanded/run_metrics/header-audit-v4.4__20260915T135109/logs/wrapper.log
  Progress log: /home/ubuntu/w4/SWAT4HCLS_2027/RQ2/work/converted/expanded/run_metrics/header-audit-v4.4__20260915T135109/logs/progress.log
Step 2/5: Ensuring Docker image is available ✅
Step 3/5: Processing per-input pipeline (TSV -> RDF -> compression)
  Sample representation: expanded
  INFO representation: structured
  Header representation: structured
  - Input 1/1: header-audit-v4.4.vcf
    * TSV conversion ✅
    * VCF version: VCFv4.4 (detected)
    * RDF conversion ✅
    * Streaming expanded multi-sample RDF (no expanded helper TSVs)
    * Sample calls streamed: 0; FORMAT values: 0
    * Streaming structured header RDF
    * Header lines typed: 19; contigs: 2
    * Streaming QUAL and structured INFO RDF
    * QUAL values streamed: 1; INFO values: 8; declarations: 8
    * Triples produced: 644
    * Compression ✅
    * Output directory: /home/ubuntu/w4/SWAT4HCLS_2027/RQ2/work/converted/expanded/header-audit-v4.4
      - RDF aggregate: header-audit-v4.4.nt.gz
      - RDF (.gz): 6.00 KB (kept (compression methods set to none))
      - Compression: none selected
      - Final RDF size (no compression): 6.00 KB
Total triples produced (full run): 644
Conversion process finished.
Run time (full mode): 12.88s
Timing log: /home/ubuntu/w4/SWAT4HCLS_2027/RQ2/work/converted/expanded/run_metrics/header-audit-v4.4__20260915T135109/wrapper_execution_times.csv
Metrics summary: /home/ubuntu/w4/SWAT4HCLS_2027/RQ2/work/converted/expanded/run_metrics/header-audit-v4.4__20260915T135109/summary.json
Step 1/5: Validating inputs ✅
  Metrics: /home/ubuntu/w4/SWAT4HCLS_2027/RQ2/work/converted/condensed/run_metrics/header-audit-v4.4__20260915T135123
  Detailed logs: /home/ubuntu/w4/SWAT4HCLS_2027/RQ2/work/converted/condensed/run_metrics/header-audit-v4.4__20260915T135123/logs/wrapper.log
  Progress log: /home/ubuntu/w4/SWAT4HCLS_2027/RQ2/work/converted/condensed/run_metrics/header-audit-v4.4__20260915T135123/logs/progress.log
Step 2/5: Ensuring Docker image is available ✅
Step 3/5: Processing per-input pipeline (TSV -> RDF -> compression)
  Sample representation: condensed
  INFO representation: structured
  Header representation: structured
  - Input 1/1: header-audit-v4.4.vcf
    * TSV conversion ✅
    * VCF version: VCFv4.4 (detected)
    * RDF conversion ✅
    * Streaming condensed multi-sample RDF (no expanded helper TSVs)
    * Condensed matrices streamed: 0; FORMAT vectors: 0; reusable samples: 0
    * Streaming structured header RDF
    * Header lines typed: 19; contigs: 2
    * Streaming QUAL and structured INFO RDF
    * QUAL values streamed: 1; INFO values: 8; declarations: 8
    * Triples produced: 644
    * Compression ✅
    * Output directory: /home/ubuntu/w4/SWAT4HCLS_2027/RQ2/work/converted/condensed/header-audit-v4.4
      - RDF aggregate: header-audit-v4.4.nt.gz
      - RDF (.gz): 6.00 KB (kept (compression methods set to none))
      - Compression: none selected
      - Final RDF size (no compression): 6.00 KB
Total triples produced (full run): 644
Conversion process finished.
Run time (full mode): 12.49s
Timing log: /home/ubuntu/w4/SWAT4HCLS_2027/RQ2/work/converted/condensed/run_metrics/header-audit-v4.4__20260915T135123/wrapper_execution_times.csv
Metrics summary: /home/ubuntu/w4/SWAT4HCLS_2027/RQ2/work/converted/condensed/run_metrics/header-audit-v4.4__20260915T135123/summary.json
Step 1/5: Validating inputs ✅
  Metrics: /home/ubuntu/w4/SWAT4HCLS_2027/RQ2/work/converted/expanded/run_metrics/header-audit-v4.5__20260915T135135
  Detailed logs: /home/ubuntu/w4/SWAT4HCLS_2027/RQ2/work/converted/expanded/run_metrics/header-audit-v4.5__20260915T135135/logs/wrapper.log
  Progress log: /home/ubuntu/w4/SWAT4HCLS_2027/RQ2/work/converted/expanded/run_metrics/header-audit-v4.5__20260915T135135/logs/progress.log
Step 2/5: Ensuring Docker image is available ✅
Step 3/5: Processing per-input pipeline (TSV -> RDF -> compression)
  Sample representation: expanded
  INFO representation: structured
  Header representation: structured
  - Input 1/1: header-audit-v4.5.vcf
    * TSV conversion ✅
    * VCF version: VCFv4.5 (detected)
    * RDF conversion ✅
    * Streaming expanded multi-sample RDF (no expanded helper TSVs)
    * Sample calls streamed: 0; FORMAT values: 0
    * Streaming structured header RDF
    * Header lines typed: 18; contigs: 2
    * Streaming QUAL and structured INFO RDF
    * QUAL values streamed: 1; INFO values: 7; declarations: 7
    * Triples produced: 606
    * Compression ✅
    * Output directory: /home/ubuntu/w4/SWAT4HCLS_2027/RQ2/work/converted/expanded/header-audit-v4.5
      - RDF aggregate: header-audit-v4.5.nt.gz
      - RDF (.gz): 5.83 KB (kept (compression methods set to none))
      - Compression: none selected
      - Final RDF size (no compression): 5.83 KB
Total triples produced (full run): 606
Conversion process finished.
Run time (full mode): 12.46s
Timing log: /home/ubuntu/w4/SWAT4HCLS_2027/RQ2/work/converted/expanded/run_metrics/header-audit-v4.5__20260915T135135/wrapper_execution_times.csv
Metrics summary: /home/ubuntu/w4/SWAT4HCLS_2027/RQ2/work/converted/expanded/run_metrics/header-audit-v4.5__20260915T135135/summary.json
Step 1/5: Validating inputs ✅
  Metrics: /home/ubuntu/w4/SWAT4HCLS_2027/RQ2/work/converted/condensed/run_metrics/header-audit-v4.5__20260915T135148
  Detailed logs: /home/ubuntu/w4/SWAT4HCLS_2027/RQ2/work/converted/condensed/run_metrics/header-audit-v4.5__20260915T135148/logs/wrapper.log
  Progress log: /home/ubuntu/w4/SWAT4HCLS_2027/RQ2/work/converted/condensed/run_metrics/header-audit-v4.5__20260915T135148/logs/progress.log
Step 2/5: Ensuring Docker image is available ✅
Step 3/5: Processing per-input pipeline (TSV -> RDF -> compression)
  Sample representation: condensed
  INFO representation: structured
  Header representation: structured
  - Input 1/1: header-audit-v4.5.vcf
    * TSV conversion ✅
    * VCF version: VCFv4.5 (detected)
    * RDF conversion ✅
    * Streaming condensed multi-sample RDF (no expanded helper TSVs)
    * Condensed matrices streamed: 0; FORMAT vectors: 0; reusable samples: 0
    * Streaming structured header RDF
    * Header lines typed: 18; contigs: 2
    * Streaming QUAL and structured INFO RDF
    * QUAL values streamed: 1; INFO values: 7; declarations: 7
    * Triples produced: 606
    * Compression ✅
    * Output directory: /home/ubuntu/w4/SWAT4HCLS_2027/RQ2/work/converted/condensed/header-audit-v4.5
      - RDF aggregate: header-audit-v4.5.nt.gz
      - RDF (.gz): 6.68 KB (kept (compression methods set to none))
      - Compression: none selected
      - Final RDF size (no compression): 6.68 KB
Total triples produced (full run): 606
Conversion process finished.
Run time (full mode): 12.25s
Timing log: /home/ubuntu/w4/SWAT4HCLS_2027/RQ2/work/converted/condensed/run_metrics/header-audit-v4.5__20260915T135148/wrapper_execution_times.csv
Metrics summary: /home/ubuntu/w4/SWAT4HCLS_2027/RQ2/work/converted/condensed/run_metrics/header-audit-v4.5__20260915T135148/summary.json
Step 1/5: Validating inputs ✅
  Metrics: /home/ubuntu/w4/SWAT4HCLS_2027/RQ2/work/converted/expanded/run_metrics/local-alleles-v4.5__20260915T135200
  Detailed logs: /home/ubuntu/w4/SWAT4HCLS_2027/RQ2/work/converted/expanded/run_metrics/local-alleles-v4.5__20260915T135200/logs/wrapper.log
  Progress log: /home/ubuntu/w4/SWAT4HCLS_2027/RQ2/work/converted/expanded/run_metrics/local-alleles-v4.5__20260915T135200/logs/progress.log
Step 2/5: Ensuring Docker image is available ✅
Step 3/5: Processing per-input pipeline (TSV -> RDF -> compression)
  Sample representation: expanded
  INFO representation: structured
  Header representation: structured
  - Input 1/1: local-alleles-v4.5.vcf
    * TSV conversion ✅
    * VCF version: VCFv4.5 (detected)
    * RDF conversion ✅
    * Streaming expanded multi-sample RDF (no expanded helper TSVs)
    * Sample calls streamed: 8; FORMAT values: 28
    * Streaming structured header RDF
    * Header lines typed: 11; contigs: 1
    * Streaming QUAL and structured INFO RDF
    * QUAL values streamed: 8; INFO values: 0; declarations: 0
    * Triples produced: 1,446
    * Compression ✅
    * Output directory: /home/ubuntu/w4/SWAT4HCLS_2027/RQ2/work/converted/expanded/local-alleles-v4.5
      - RDF aggregate: local-alleles-v4.5.nt.gz
      - RDF (.gz): 9.16 KB (kept (compression methods set to none))
      - Compression: none selected
      - Final RDF size (no compression): 9.16 KB
Total triples produced (full run): 1,446
Conversion process finished.
Run time (full mode): 12.33s
Timing log: /home/ubuntu/w4/SWAT4HCLS_2027/RQ2/work/converted/expanded/run_metrics/local-alleles-v4.5__20260915T135200/wrapper_execution_times.csv
Metrics summary: /home/ubuntu/w4/SWAT4HCLS_2027/RQ2/work/converted/expanded/run_metrics/local-alleles-v4.5__20260915T135200/summary.json
Step 1/5: Validating inputs ✅
  Metrics: /home/ubuntu/w4/SWAT4HCLS_2027/RQ2/work/converted/condensed/run_metrics/local-alleles-v4.5__20260915T135213
  Detailed logs: /home/ubuntu/w4/SWAT4HCLS_2027/RQ2/work/converted/condensed/run_metrics/local-alleles-v4.5__20260915T135213/logs/wrapper.log
  Progress log: /home/ubuntu/w4/SWAT4HCLS_2027/RQ2/work/converted/condensed/run_metrics/local-alleles-v4.5__20260915T135213/logs/progress.log
Step 2/5: Ensuring Docker image is available ✅
Step 3/5: Processing per-input pipeline (TSV -> RDF -> compression)
  Sample representation: condensed
  INFO representation: structured
  Header representation: structured
  - Input 1/1: local-alleles-v4.5.vcf
    * TSV conversion ✅
    * VCF version: VCFv4.5 (detected)
    * RDF conversion ✅
    * Streaming condensed multi-sample RDF (no expanded helper TSVs)
    * Condensed matrices streamed: 8; FORMAT vectors: 28; reusable samples: 1
    * Streaming structured header RDF
    * Header lines typed: 11; contigs: 1
    * Streaming QUAL and structured INFO RDF
    * QUAL values streamed: 8; INFO values: 0; declarations: 0
    * Triples produced: 856
    * Compression ✅
    * Output directory: /home/ubuntu/w4/SWAT4HCLS_2027/RQ2/work/converted/condensed/local-alleles-v4.5
      - RDF aggregate: local-alleles-v4.5.nt.gz
      - RDF (.gz): 7.20 KB (kept (compression methods set to none))
      - Compression: none selected
      - Final RDF size (no compression): 7.20 KB
Total triples produced (full run): 856
Conversion process finished.
Run time (full mode): 12.20s
Timing log: /home/ubuntu/w4/SWAT4HCLS_2027/RQ2/work/converted/condensed/run_metrics/local-alleles-v4.5__20260915T135213/wrapper_execution_times.csv
Metrics summary: /home/ubuntu/w4/SWAT4HCLS_2027/RQ2/work/converted/condensed/run_metrics/local-alleles-v4.5__20260915T135213/summary.json
Step 1/5: Validating inputs ✅
  Metrics: /home/ubuntu/w4/SWAT4HCLS_2027/RQ2/work/converted/expanded/run_metrics/modifications-v4.5__20260915T135225
  Detailed logs: /home/ubuntu/w4/SWAT4HCLS_2027/RQ2/work/converted/expanded/run_metrics/modifications-v4.5__20260915T135225/logs/wrapper.log
  Progress log: /home/ubuntu/w4/SWAT4HCLS_2027/RQ2/work/converted/expanded/run_metrics/modifications-v4.5__20260915T135225/logs/progress.log
Step 2/5: Ensuring Docker image is available ✅
Step 3/5: Processing per-input pipeline (TSV -> RDF -> compression)
  Sample representation: expanded
  INFO representation: structured
  Header representation: structured
  - Input 1/1: modifications-v4.5.vcf
    * TSV conversion ✅
    * VCF version: VCFv4.5 (detected)
    * RDF conversion ✅
    * Streaming expanded multi-sample RDF (no expanded helper TSVs)
    * Sample calls streamed: 6; FORMAT values: 17
    * Streaming structured header RDF
    * Header lines typed: 12; contigs: 1
    * Streaming QUAL and structured INFO RDF
    * QUAL values streamed: 6; INFO values: 0; declarations: 0
    * Triples produced: 926
    * Compression ✅
    * Output directory: /home/ubuntu/w4/SWAT4HCLS_2027/RQ2/work/converted/expanded/modifications-v4.5
      - RDF aggregate: modifications-v4.5.nt.gz
      - RDF (.gz): 7.66 KB (kept (compression methods set to none))
      - Compression: none selected
      - Final RDF size (no compression): 7.66 KB
Total triples produced (full run): 926
Conversion process finished.
Run time (full mode): 12.52s
Timing log: /home/ubuntu/w4/SWAT4HCLS_2027/RQ2/work/converted/expanded/run_metrics/modifications-v4.5__20260915T135225/wrapper_execution_times.csv
Metrics summary: /home/ubuntu/w4/SWAT4HCLS_2027/RQ2/work/converted/expanded/run_metrics/modifications-v4.5__20260915T135225/summary.json
Step 1/5: Validating inputs ✅
  Metrics: /home/ubuntu/w4/SWAT4HCLS_2027/RQ2/work/converted/condensed/run_metrics/modifications-v4.5__20260915T135238
  Detailed logs: /home/ubuntu/w4/SWAT4HCLS_2027/RQ2/work/converted/condensed/run_metrics/modifications-v4.5__20260915T135238/logs/wrapper.log
  Progress log: /home/ubuntu/w4/SWAT4HCLS_2027/RQ2/work/converted/condensed/run_metrics/modifications-v4.5__20260915T135238/logs/progress.log
Step 2/5: Ensuring Docker image is available ✅
Step 3/5: Processing per-input pipeline (TSV -> RDF -> compression)
  Sample representation: condensed
  INFO representation: structured
  Header representation: structured
  - Input 1/1: modifications-v4.5.vcf
    * TSV conversion ✅
    * VCF version: VCFv4.5 (detected)
    * RDF conversion ✅
    * Streaming condensed multi-sample RDF (no expanded helper TSVs)
    * Condensed matrices streamed: 6; FORMAT vectors: 17; reusable samples: 1
    * Streaming structured header RDF
    * Header lines typed: 12; contigs: 1
    * Streaming QUAL and structured INFO RDF
    * QUAL values streamed: 6; INFO values: 0; declarations: 0
    * Triples produced: 647
    * Compression ✅
    * Output directory: /home/ubuntu/w4/SWAT4HCLS_2027/RQ2/work/converted/condensed/modifications-v4.5
      - RDF aggregate: modifications-v4.5.nt.gz
      - RDF (.gz): 5.82 KB (kept (compression methods set to none))
      - Compression: none selected
      - Final RDF size (no compression): 5.82 KB
Total triples produced (full run): 647
Conversion process finished.
Run time (full mode): 12.62s
Timing log: /home/ubuntu/w4/SWAT4HCLS_2027/RQ2/work/converted/condensed/run_metrics/modifications-v4.5__20260915T135238/wrapper_execution_times.csv
Metrics summary: /home/ubuntu/w4/SWAT4HCLS_2027/RQ2/work/converted/condensed/run_metrics/modifications-v4.5__20260915T135238/summary.json
Step 1/5: Validating inputs ✅
  Metrics: /home/ubuntu/w4/SWAT4HCLS_2027/RQ2/work/converted/expanded/run_metrics/phase-ordinals-v4.4__20260915T135251
  Detailed logs: /home/ubuntu/w4/SWAT4HCLS_2027/RQ2/work/converted/expanded/run_metrics/phase-ordinals-v4.4__20260915T135251/logs/wrapper.log
  Progress log: /home/ubuntu/w4/SWAT4HCLS_2027/RQ2/work/converted/expanded/run_metrics/phase-ordinals-v4.4__20260915T135251/logs/progress.log
Step 2/5: Ensuring Docker image is available ✅
Step 3/5: Processing per-input pipeline (TSV -> RDF -> compression)
  Sample representation: expanded
  INFO representation: structured
  Header representation: structured
  - Input 1/1: phase-ordinals-v4.4.vcf
    * TSV conversion ✅
    * VCF version: VCFv4.4 (detected)
    * RDF conversion ✅
    * Streaming expanded multi-sample RDF (no expanded helper TSVs)
    * Sample calls streamed: 3; FORMAT values: 9
    * Streaming structured header RDF
    * Header lines typed: 9; contigs: 1
    * Streaming QUAL and structured INFO RDF
    * QUAL values streamed: 3; INFO values: 1; declarations: 1
    * Triples produced: 575
    * Compression ✅
    * Output directory: /home/ubuntu/w4/SWAT4HCLS_2027/RQ2/work/converted/expanded/phase-ordinals-v4.4
      - RDF aggregate: phase-ordinals-v4.4.nt.gz
      - RDF (.gz): 5.77 KB (kept (compression methods set to none))
      - Compression: none selected
      - Final RDF size (no compression): 5.77 KB
Total triples produced (full run): 575
Conversion process finished.
Run time (full mode): 12.63s
Timing log: /home/ubuntu/w4/SWAT4HCLS_2027/RQ2/work/converted/expanded/run_metrics/phase-ordinals-v4.4__20260915T135251/wrapper_execution_times.csv
Metrics summary: /home/ubuntu/w4/SWAT4HCLS_2027/RQ2/work/converted/expanded/run_metrics/phase-ordinals-v4.4__20260915T135251/summary.json
Step 1/5: Validating inputs ✅
  Metrics: /home/ubuntu/w4/SWAT4HCLS_2027/RQ2/work/converted/condensed/run_metrics/phase-ordinals-v4.4__20260915T135303
  Detailed logs: /home/ubuntu/w4/SWAT4HCLS_2027/RQ2/work/converted/condensed/run_metrics/phase-ordinals-v4.4__20260915T135303/logs/wrapper.log
  Progress log: /home/ubuntu/w4/SWAT4HCLS_2027/RQ2/work/converted/condensed/run_metrics/phase-ordinals-v4.4__20260915T135303/logs/progress.log
Step 2/5: Ensuring Docker image is available ✅
Step 3/5: Processing per-input pipeline (TSV -> RDF -> compression)
  Sample representation: condensed
  INFO representation: structured
  Header representation: structured
  - Input 1/1: phase-ordinals-v4.4.vcf
    * TSV conversion ✅
    * VCF version: VCFv4.4 (detected)
    * RDF conversion ✅
    * Streaming condensed multi-sample RDF (no expanded helper TSVs)
    * Condensed matrices streamed: 3; FORMAT vectors: 9; reusable samples: 1
    * Streaming structured header RDF
    * Header lines typed: 9; contigs: 1
    * Streaming QUAL and structured INFO RDF
    * QUAL values streamed: 3; INFO values: 1; declarations: 1
    * Triples produced: 381
    * Compression ✅
    * Output directory: /home/ubuntu/w4/SWAT4HCLS_2027/RQ2/work/converted/condensed/phase-ordinals-v4.4
      - RDF aggregate: phase-ordinals-v4.4.nt.gz
      - RDF (.gz): 4.78 KB (kept (compression methods set to none))
      - Compression: none selected
      - Final RDF size (no compression): 4.78 KB
Total triples produced (full run): 381
Conversion process finished.
Run time (full mode): 12.25s
Timing log: /home/ubuntu/w4/SWAT4HCLS_2027/RQ2/work/converted/condensed/run_metrics/phase-ordinals-v4.4__20260915T135303/wrapper_execution_times.csv
Metrics summary: /home/ubuntu/w4/SWAT4HCLS_2027/RQ2/work/converted/condensed/run_metrics/phase-ordinals-v4.4__20260915T135303/summary.json
Step 1/5: Validating inputs ✅
  Metrics: /home/ubuntu/w4/SWAT4HCLS_2027/RQ2/work/converted/expanded/run_metrics/phase-ordinals-v4.5__20260915T135316
  Detailed logs: /home/ubuntu/w4/SWAT4HCLS_2027/RQ2/work/converted/expanded/run_metrics/phase-ordinals-v4.5__20260915T135316/logs/wrapper.log
  Progress log: /home/ubuntu/w4/SWAT4HCLS_2027/RQ2/work/converted/expanded/run_metrics/phase-ordinals-v4.5__20260915T135316/logs/progress.log
Step 2/5: Ensuring Docker image is available ✅
Step 3/5: Processing per-input pipeline (TSV -> RDF -> compression)
  Sample representation: expanded
  INFO representation: structured
  Header representation: structured
  - Input 1/1: phase-ordinals-v4.5.vcf
    * TSV conversion ✅
    * VCF version: VCFv4.5 (detected)
    * RDF conversion ✅
    * Streaming expanded multi-sample RDF (no expanded helper TSVs)
    * Sample calls streamed: 3; FORMAT values: 9
    * Streaming structured header RDF
    * Header lines typed: 9; contigs: 1
    * Streaming QUAL and structured INFO RDF
    * QUAL values streamed: 3; INFO values: 1; declarations: 1
    * Triples produced: 575
    * Compression ✅
    * Output directory: /home/ubuntu/w4/SWAT4HCLS_2027/RQ2/work/converted/expanded/phase-ordinals-v4.5
      - RDF aggregate: phase-ordinals-v4.5.nt.gz
      - RDF (.gz): 5.21 KB (kept (compression methods set to none))
      - Compression: none selected
      - Final RDF size (no compression): 5.21 KB
Total triples produced (full run): 575
Conversion process finished.
Run time (full mode): 12.47s
Timing log: /home/ubuntu/w4/SWAT4HCLS_2027/RQ2/work/converted/expanded/run_metrics/phase-ordinals-v4.5__20260915T135316/wrapper_execution_times.csv
Metrics summary: /home/ubuntu/w4/SWAT4HCLS_2027/RQ2/work/converted/expanded/run_metrics/phase-ordinals-v4.5__20260915T135316/summary.json
Step 1/5: Validating inputs ✅
  Metrics: /home/ubuntu/w4/SWAT4HCLS_2027/RQ2/work/converted/condensed/run_metrics/phase-ordinals-v4.5__20260915T135329
  Detailed logs: /home/ubuntu/w4/SWAT4HCLS_2027/RQ2/work/converted/condensed/run_metrics/phase-ordinals-v4.5__20260915T135329/logs/wrapper.log
  Progress log: /home/ubuntu/w4/SWAT4HCLS_2027/RQ2/work/converted/condensed/run_metrics/phase-ordinals-v4.5__20260915T135329/logs/progress.log
Step 2/5: Ensuring Docker image is available ✅
Step 3/5: Processing per-input pipeline (TSV -> RDF -> compression)
  Sample representation: condensed
  INFO representation: structured
  Header representation: structured
  - Input 1/1: phase-ordinals-v4.5.vcf
    * TSV conversion ✅
    * VCF version: VCFv4.5 (detected)
    * RDF conversion ✅
    * Streaming condensed multi-sample RDF (no expanded helper TSVs)
    * Condensed matrices streamed: 3; FORMAT vectors: 9; reusable samples: 1
    * Streaming structured header RDF
    * Header lines typed: 9; contigs: 1
    * Streaming QUAL and structured INFO RDF
    * QUAL values streamed: 3; INFO values: 1; declarations: 1
    * Triples produced: 381
    * Compression ✅
    * Output directory: /home/ubuntu/w4/SWAT4HCLS_2027/RQ2/work/converted/condensed/phase-ordinals-v4.5
      - RDF aggregate: phase-ordinals-v4.5.nt.gz
      - RDF (.gz): 4.22 KB (kept (compression methods set to none))
      - Compression: none selected
      - Final RDF size (no compression): 4.22 KB
Total triples produced (full run): 381
Conversion process finished.
Run time (full mode): 12.35s
Timing log: /home/ubuntu/w4/SWAT4HCLS_2027/RQ2/work/converted/condensed/run_metrics/phase-ordinals-v4.5__20260915T135329/wrapper_execution_times.csv
Metrics summary: /home/ubuntu/w4/SWAT4HCLS_2027/RQ2/work/converted/condensed/run_metrics/phase-ordinals-v4.5__20260915T135329/summary.json
Step 1/5: Validating inputs ✅
  Metrics: /home/ubuntu/w4/SWAT4HCLS_2027/RQ2/work/converted/expanded/run_metrics/phase-quality-v4.4__20260915T135341
  Detailed logs: /home/ubuntu/w4/SWAT4HCLS_2027/RQ2/work/converted/expanded/run_metrics/phase-quality-v4.4__20260915T135341/logs/wrapper.log
  Progress log: /home/ubuntu/w4/SWAT4HCLS_2027/RQ2/work/converted/expanded/run_metrics/phase-quality-v4.4__20260915T135341/logs/progress.log
Step 2/5: Ensuring Docker image is available ✅
Step 3/5: Processing per-input pipeline (TSV -> RDF -> compression)
  Sample representation: expanded
  INFO representation: structured
  Header representation: structured
  - Input 1/1: phase-quality-v4.4.vcf
    * TSV conversion ✅
    * VCF version: VCFv4.4 (detected)
    * RDF conversion ✅
    * Streaming expanded multi-sample RDF (no expanded helper TSVs)
    * Sample calls streamed: 3; FORMAT values: 9
    * Streaming structured header RDF
    * Header lines typed: 9; contigs: 2
    * Streaming QUAL and structured INFO RDF
    * QUAL values streamed: 3; INFO values: 3; declarations: 1
    * Triples produced: 540
    * Compression ✅
    * Output directory: /home/ubuntu/w4/SWAT4HCLS_2027/RQ2/work/converted/expanded/phase-quality-v4.4
      - RDF aggregate: phase-quality-v4.4.nt.gz
      - RDF (.gz): 5.66 KB (kept (compression methods set to none))
      - Compression: none selected
      - Final RDF size (no compression): 5.66 KB
Total triples produced (full run): 540
Conversion process finished.
Run time (full mode): 12.35s
Timing log: /home/ubuntu/w4/SWAT4HCLS_2027/RQ2/work/converted/expanded/run_metrics/phase-quality-v4.4__20260915T135341/wrapper_execution_times.csv
Metrics summary: /home/ubuntu/w4/SWAT4HCLS_2027/RQ2/work/converted/expanded/run_metrics/phase-quality-v4.4__20260915T135341/summary.json
Step 1/5: Validating inputs ✅
  Metrics: /home/ubuntu/w4/SWAT4HCLS_2027/RQ2/work/converted/condensed/run_metrics/phase-quality-v4.4__20260915T135354
  Detailed logs: /home/ubuntu/w4/SWAT4HCLS_2027/RQ2/work/converted/condensed/run_metrics/phase-quality-v4.4__20260915T135354/logs/wrapper.log
  Progress log: /home/ubuntu/w4/SWAT4HCLS_2027/RQ2/work/converted/condensed/run_metrics/phase-quality-v4.4__20260915T135354/logs/progress.log
Step 2/5: Ensuring Docker image is available ✅
Step 3/5: Processing per-input pipeline (TSV -> RDF -> compression)
  Sample representation: condensed
  INFO representation: structured
  Header representation: structured
  - Input 1/1: phase-quality-v4.4.vcf
    * TSV conversion ✅
    * VCF version: VCFv4.4 (detected)
    * RDF conversion ✅
    * Streaming condensed multi-sample RDF (no expanded helper TSVs)
    * Condensed matrices streamed: 3; FORMAT vectors: 9; reusable samples: 1
    * Streaming structured header RDF
    * Header lines typed: 9; contigs: 2
    * Streaming QUAL and structured INFO RDF
    * QUAL values streamed: 3; INFO values: 3; declarations: 1
    * Triples produced: 391
    * Compression ✅
    * Output directory: /home/ubuntu/w4/SWAT4HCLS_2027/RQ2/work/converted/condensed/phase-quality-v4.4
      - RDF aggregate: phase-quality-v4.4.nt.gz
      - RDF (.gz): 4.80 KB (kept (compression methods set to none))
      - Compression: none selected
      - Final RDF size (no compression): 4.80 KB
Total triples produced (full run): 391
Conversion process finished.
Run time (full mode): 12.52s
Timing log: /home/ubuntu/w4/SWAT4HCLS_2027/RQ2/work/converted/condensed/run_metrics/phase-quality-v4.4__20260915T135354/wrapper_execution_times.csv
Metrics summary: /home/ubuntu/w4/SWAT4HCLS_2027/RQ2/work/converted/condensed/run_metrics/phase-quality-v4.4__20260915T135354/summary.json
Step 1/5: Validating inputs ✅
  Metrics: /home/ubuntu/w4/SWAT4HCLS_2027/RQ2/work/converted/expanded/run_metrics/phase-quality-v4.5__20260915T135406
  Detailed logs: /home/ubuntu/w4/SWAT4HCLS_2027/RQ2/work/converted/expanded/run_metrics/phase-quality-v4.5__20260915T135406/logs/wrapper.log
  Progress log: /home/ubuntu/w4/SWAT4HCLS_2027/RQ2/work/converted/expanded/run_metrics/phase-quality-v4.5__20260915T135406/logs/progress.log
Step 2/5: Ensuring Docker image is available ✅
Step 3/5: Processing per-input pipeline (TSV -> RDF -> compression)
  Sample representation: expanded
  INFO representation: structured
  Header representation: structured
  - Input 1/1: phase-quality-v4.5.vcf
    * TSV conversion ✅
    * VCF version: VCFv4.5 (detected)
    * RDF conversion ✅
    * Streaming expanded multi-sample RDF (no expanded helper TSVs)
    * Sample calls streamed: 3; FORMAT values: 9
    * Streaming structured header RDF
    * Header lines typed: 9; contigs: 2
    * Streaming QUAL and structured INFO RDF
    * QUAL values streamed: 3; INFO values: 3; declarations: 1
    * Triples produced: 540
    * Compression ✅
    * Output directory: /home/ubuntu/w4/SWAT4HCLS_2027/RQ2/work/converted/expanded/phase-quality-v4.5
      - RDF aggregate: phase-quality-v4.5.nt.gz
      - RDF (.gz): 5.58 KB (kept (compression methods set to none))
      - Compression: none selected
      - Final RDF size (no compression): 5.58 KB
Total triples produced (full run): 540
Conversion process finished.
Run time (full mode): 12.32s
Timing log: /home/ubuntu/w4/SWAT4HCLS_2027/RQ2/work/converted/expanded/run_metrics/phase-quality-v4.5__20260915T135406/wrapper_execution_times.csv
Metrics summary: /home/ubuntu/w4/SWAT4HCLS_2027/RQ2/work/converted/expanded/run_metrics/phase-quality-v4.5__20260915T135406/summary.json
Step 1/5: Validating inputs ✅
  Metrics: /home/ubuntu/w4/SWAT4HCLS_2027/RQ2/work/converted/condensed/run_metrics/phase-quality-v4.5__20260915T135419
  Detailed logs: /home/ubuntu/w4/SWAT4HCLS_2027/RQ2/work/converted/condensed/run_metrics/phase-quality-v4.5__20260915T135419/logs/wrapper.log
  Progress log: /home/ubuntu/w4/SWAT4HCLS_2027/RQ2/work/converted/condensed/run_metrics/phase-quality-v4.5__20260915T135419/logs/progress.log
Step 2/5: Ensuring Docker image is available ✅
Step 3/5: Processing per-input pipeline (TSV -> RDF -> compression)
  Sample representation: condensed
  INFO representation: structured
  Header representation: structured
  - Input 1/1: phase-quality-v4.5.vcf
    * TSV conversion ✅
    * VCF version: VCFv4.5 (detected)
    * RDF conversion ✅
    * Streaming condensed multi-sample RDF (no expanded helper TSVs)
    * Condensed matrices streamed: 3; FORMAT vectors: 9; reusable samples: 1
    * Streaming structured header RDF
    * Header lines typed: 9; contigs: 2
    * Streaming QUAL and structured INFO RDF
    * QUAL values streamed: 3; INFO values: 3; declarations: 1
    * Triples produced: 391
    * Compression ✅
    * Output directory: /home/ubuntu/w4/SWAT4HCLS_2027/RQ2/work/converted/condensed/phase-quality-v4.5
      - RDF aggregate: phase-quality-v4.5.nt.gz
      - RDF (.gz): 4.89 KB (kept (compression methods set to none))
      - Compression: none selected
      - Final RDF size (no compression): 4.89 KB
Total triples produced (full run): 391
Conversion process finished.
Run time (full mode): 12.41s
Timing log: /home/ubuntu/w4/SWAT4HCLS_2027/RQ2/work/converted/condensed/run_metrics/phase-quality-v4.5__20260915T135419/wrapper_execution_times.csv
Metrics summary: /home/ubuntu/w4/SWAT4HCLS_2027/RQ2/work/converted/condensed/run_metrics/phase-quality-v4.5__20260915T135419/summary.json
Step 1/5: Validating inputs ✅
  Metrics: /home/ubuntu/w4/SWAT4HCLS_2027/RQ2/work/converted/expanded/run_metrics/phase-separation-v4.4__20260915T135431
  Detailed logs: /home/ubuntu/w4/SWAT4HCLS_2027/RQ2/work/converted/expanded/run_metrics/phase-separation-v4.4__20260915T135431/logs/wrapper.log
  Progress log: /home/ubuntu/w4/SWAT4HCLS_2027/RQ2/work/converted/expanded/run_metrics/phase-separation-v4.4__20260915T135431/logs/progress.log
Step 2/5: Ensuring Docker image is available ✅
Step 3/5: Processing per-input pipeline (TSV -> RDF -> compression)
  Sample representation: expanded
  INFO representation: structured
  Header representation: structured
  - Input 1/1: phase-separation-v4.4.vcf
    * TSV conversion ✅
    * VCF version: VCFv4.4 (detected)
    * RDF conversion ✅
    * Streaming expanded multi-sample RDF (no expanded helper TSVs)
    * Sample calls streamed: 4; FORMAT values: 12
    * Streaming structured header RDF
    * Header lines typed: 7; contigs: 1
    * Streaming QUAL and structured INFO RDF
    * QUAL values streamed: 2; INFO values: 0; declarations: 0
    * Triples produced: 397
    * Compression ✅
    * Output directory: /home/ubuntu/w4/SWAT4HCLS_2027/RQ2/work/converted/expanded/phase-separation-v4.4
      - RDF aggregate: phase-separation-v4.4.nt.gz
      - RDF (.gz): 4.21 KB (kept (compression methods set to none))
      - Compression: none selected
      - Final RDF size (no compression): 4.21 KB
Total triples produced (full run): 397
Conversion process finished.
Run time (full mode): 12.41s
Timing log: /home/ubuntu/w4/SWAT4HCLS_2027/RQ2/work/converted/expanded/run_metrics/phase-separation-v4.4__20260915T135431/wrapper_execution_times.csv
Metrics summary: /home/ubuntu/w4/SWAT4HCLS_2027/RQ2/work/converted/expanded/run_metrics/phase-separation-v4.4__20260915T135431/summary.json
Step 1/5: Validating inputs ✅
  Metrics: /home/ubuntu/w4/SWAT4HCLS_2027/RQ2/work/converted/condensed/run_metrics/phase-separation-v4.4__20260915T135444
  Detailed logs: /home/ubuntu/w4/SWAT4HCLS_2027/RQ2/work/converted/condensed/run_metrics/phase-separation-v4.4__20260915T135444/logs/wrapper.log
  Progress log: /home/ubuntu/w4/SWAT4HCLS_2027/RQ2/work/converted/condensed/run_metrics/phase-separation-v4.4__20260915T135444/logs/progress.log
Step 2/5: Ensuring Docker image is available ✅
Step 3/5: Processing per-input pipeline (TSV -> RDF -> compression)
  Sample representation: condensed
  INFO representation: structured
  Header representation: structured
  - Input 1/1: phase-separation-v4.4.vcf
    * TSV conversion ✅
    * VCF version: VCFv4.4 (detected)
    * RDF conversion ✅
    * Streaming condensed multi-sample RDF (no expanded helper TSVs)
    * Condensed matrices streamed: 2; FORMAT vectors: 6; reusable samples: 2
    * Streaming structured header RDF
    * Header lines typed: 7; contigs: 1
    * Streaming QUAL and structured INFO RDF
    * QUAL values streamed: 2; INFO values: 0; declarations: 0
    * Triples produced: 267
    * Compression ✅
    * Output directory: /home/ubuntu/w4/SWAT4HCLS_2027/RQ2/work/converted/condensed/phase-separation-v4.4
      - RDF aggregate: phase-separation-v4.4.nt.gz
      - RDF (.gz): 3.53 KB (kept (compression methods set to none))
      - Compression: none selected
      - Final RDF size (no compression): 3.53 KB
Total triples produced (full run): 267
Conversion process finished.
Run time (full mode): 12.14s
Timing log: /home/ubuntu/w4/SWAT4HCLS_2027/RQ2/work/converted/condensed/run_metrics/phase-separation-v4.4__20260915T135444/wrapper_execution_times.csv
Metrics summary: /home/ubuntu/w4/SWAT4HCLS_2027/RQ2/work/converted/condensed/run_metrics/phase-separation-v4.4__20260915T135444/summary.json
Step 1/5: Validating inputs ✅
  Metrics: /home/ubuntu/w4/SWAT4HCLS_2027/RQ2/work/converted/expanded/run_metrics/phase-separation-v4.5__20260915T135456
  Detailed logs: /home/ubuntu/w4/SWAT4HCLS_2027/RQ2/work/converted/expanded/run_metrics/phase-separation-v4.5__20260915T135456/logs/wrapper.log
  Progress log: /home/ubuntu/w4/SWAT4HCLS_2027/RQ2/work/converted/expanded/run_metrics/phase-separation-v4.5__20260915T135456/logs/progress.log
Step 2/5: Ensuring Docker image is available ✅
Step 3/5: Processing per-input pipeline (TSV -> RDF -> compression)
  Sample representation: expanded
  INFO representation: structured
  Header representation: structured
  - Input 1/1: phase-separation-v4.5.vcf
    * TSV conversion ✅
    * VCF version: VCFv4.5 (detected)
    * RDF conversion ✅
    * Streaming expanded multi-sample RDF (no expanded helper TSVs)
    * Sample calls streamed: 4; FORMAT values: 12
    * Streaming structured header RDF
    * Header lines typed: 7; contigs: 1
    * Streaming QUAL and structured INFO RDF
    * QUAL values streamed: 2; INFO values: 0; declarations: 0
    * Triples produced: 397
    * Compression ✅
    * Output directory: /home/ubuntu/w4/SWAT4HCLS_2027/RQ2/work/converted/expanded/phase-separation-v4.5
      - RDF aggregate: phase-separation-v4.5.nt.gz
      - RDF (.gz): 4.39 KB (kept (compression methods set to none))
      - Compression: none selected
      - Final RDF size (no compression): 4.39 KB
Total triples produced (full run): 397
Conversion process finished.
Run time (full mode): 12.42s
Timing log: /home/ubuntu/w4/SWAT4HCLS_2027/RQ2/work/converted/expanded/run_metrics/phase-separation-v4.5__20260915T135456/wrapper_execution_times.csv
Metrics summary: /home/ubuntu/w4/SWAT4HCLS_2027/RQ2/work/converted/expanded/run_metrics/phase-separation-v4.5__20260915T135456/summary.json
Step 1/5: Validating inputs ✅
  Metrics: /home/ubuntu/w4/SWAT4HCLS_2027/RQ2/work/converted/condensed/run_metrics/phase-separation-v4.5__20260915T135509
  Detailed logs: /home/ubuntu/w4/SWAT4HCLS_2027/RQ2/work/converted/condensed/run_metrics/phase-separation-v4.5__20260915T135509/logs/wrapper.log
  Progress log: /home/ubuntu/w4/SWAT4HCLS_2027/RQ2/work/converted/condensed/run_metrics/phase-separation-v4.5__20260915T135509/logs/progress.log
Step 2/5: Ensuring Docker image is available ✅
Step 3/5: Processing per-input pipeline (TSV -> RDF -> compression)
  Sample representation: condensed
  INFO representation: structured
  Header representation: structured
  - Input 1/1: phase-separation-v4.5.vcf
    * TSV conversion ✅
    * VCF version: VCFv4.5 (detected)
    * RDF conversion ✅
    * Streaming condensed multi-sample RDF (no expanded helper TSVs)
    * Condensed matrices streamed: 2; FORMAT vectors: 6; reusable samples: 2
    * Streaming structured header RDF
    * Header lines typed: 7; contigs: 1
    * Streaming QUAL and structured INFO RDF
    * QUAL values streamed: 2; INFO values: 0; declarations: 0
    * Triples produced: 267
    * Compression ✅
    * Output directory: /home/ubuntu/w4/SWAT4HCLS_2027/RQ2/work/converted/condensed/phase-separation-v4.5
      - RDF aggregate: phase-separation-v4.5.nt.gz
      - RDF (.gz): 3.35 KB (kept (compression methods set to none))
      - Compression: none selected
      - Final RDF size (no compression): 3.35 KB
Total triples produced (full run): 267
Conversion process finished.
Run time (full mode): 12.63s
Timing log: /home/ubuntu/w4/SWAT4HCLS_2027/RQ2/work/converted/condensed/run_metrics/phase-separation-v4.5__20260915T135509/wrapper_execution_times.csv
Metrics summary: /home/ubuntu/w4/SWAT4HCLS_2027/RQ2/work/converted/condensed/run_metrics/phase-separation-v4.5__20260915T135509/summary.json
Step 1/5: Validating inputs ✅
  Metrics: /home/ubuntu/w4/SWAT4HCLS_2027/RQ2/work/converted/expanded/run_metrics/repeats-v4.5__20260915T135522
  Detailed logs: /home/ubuntu/w4/SWAT4HCLS_2027/RQ2/work/converted/expanded/run_metrics/repeats-v4.5__20260915T135522/logs/wrapper.log
  Progress log: /home/ubuntu/w4/SWAT4HCLS_2027/RQ2/work/converted/expanded/run_metrics/repeats-v4.5__20260915T135522/logs/progress.log
Step 2/5: Ensuring Docker image is available ✅
Step 3/5: Processing per-input pipeline (TSV -> RDF -> compression)
  Sample representation: expanded
  INFO representation: structured
  Header representation: structured
  - Input 1/1: repeats-v4.5.vcf
    * TSV conversion ✅
    * VCF version: VCFv4.5 (detected)
    * RDF conversion ✅
    * Streaming expanded multi-sample RDF (no expanded helper TSVs)
    * Sample calls streamed: 1; FORMAT values: 2
    * Streaming structured header RDF
    * Header lines typed: 16; contigs: 2
    * Streaming QUAL and structured INFO RDF
    * QUAL values streamed: 1; INFO values: 8; declarations: 8
    * Triples produced: 654
    * Compression ✅
    * Output directory: /home/ubuntu/w4/SWAT4HCLS_2027/RQ2/work/converted/expanded/repeats-v4.5
      - RDF aggregate: repeats-v4.5.nt.gz
      - RDF (.gz): 6.30 KB (kept (compression methods set to none))
      - Compression: none selected
      - Final RDF size (no compression): 6.30 KB
Total triples produced (full run): 654
Conversion process finished.
Run time (full mode): 12.47s
Timing log: /home/ubuntu/w4/SWAT4HCLS_2027/RQ2/work/converted/expanded/run_metrics/repeats-v4.5__20260915T135522/wrapper_execution_times.csv
Metrics summary: /home/ubuntu/w4/SWAT4HCLS_2027/RQ2/work/converted/expanded/run_metrics/repeats-v4.5__20260915T135522/summary.json
Step 1/5: Validating inputs ✅
  Metrics: /home/ubuntu/w4/SWAT4HCLS_2027/RQ2/work/converted/condensed/run_metrics/repeats-v4.5__20260915T135534
  Detailed logs: /home/ubuntu/w4/SWAT4HCLS_2027/RQ2/work/converted/condensed/run_metrics/repeats-v4.5__20260915T135534/logs/wrapper.log
  Progress log: /home/ubuntu/w4/SWAT4HCLS_2027/RQ2/work/converted/condensed/run_metrics/repeats-v4.5__20260915T135534/logs/progress.log
Step 2/5: Ensuring Docker image is available ✅
Step 3/5: Processing per-input pipeline (TSV -> RDF -> compression)
  Sample representation: condensed
  INFO representation: structured
  Header representation: structured
  - Input 1/1: repeats-v4.5.vcf
    * TSV conversion ✅
    * VCF version: VCFv4.5 (detected)
    * RDF conversion ✅
    * Streaming condensed multi-sample RDF (no expanded helper TSVs)
    * Condensed matrices streamed: 1; FORMAT vectors: 2; reusable samples: 1
    * Streaming structured header RDF
    * Header lines typed: 16; contigs: 2
    * Streaming QUAL and structured INFO RDF
    * QUAL values streamed: 1; INFO values: 8; declarations: 8
    * Triples produced: 636
    * Compression ✅
    * Output directory: /home/ubuntu/w4/SWAT4HCLS_2027/RQ2/work/converted/condensed/repeats-v4.5
      - RDF aggregate: repeats-v4.5.nt.gz
      - RDF (.gz): 5.83 KB (kept (compression methods set to none))
      - Compression: none selected
      - Final RDF size (no compression): 5.83 KB
Total triples produced (full run): 636
Conversion process finished.
Run time (full mode): 12.41s
Timing log: /home/ubuntu/w4/SWAT4HCLS_2027/RQ2/work/converted/condensed/run_metrics/repeats-v4.5__20260915T135534/wrapper_execution_times.csv
Metrics summary: /home/ubuntu/w4/SWAT4HCLS_2027/RQ2/work/converted/condensed/run_metrics/repeats-v4.5__20260915T135534/summary.json
Step 1/5: Validating inputs ✅
  Metrics: /home/ubuntu/w4/SWAT4HCLS_2027/RQ2/work/converted/expanded/run_metrics/structural-v4.1__20260915T135547
  Detailed logs: /home/ubuntu/w4/SWAT4HCLS_2027/RQ2/work/converted/expanded/run_metrics/structural-v4.1__20260915T135547/logs/wrapper.log
  Progress log: /home/ubuntu/w4/SWAT4HCLS_2027/RQ2/work/converted/expanded/run_metrics/structural-v4.1__20260915T135547/logs/progress.log
Step 2/5: Ensuring Docker image is available ✅
Step 3/5: Processing per-input pipeline (TSV -> RDF -> compression)
  Sample representation: expanded
  INFO representation: structured
  Header representation: structured
  - Input 1/1: structural-v4.1.vcf
    * TSV conversion ✅
    * VCF version: VCFv4.1 (detected)
    * RDF conversion ✅
    * Streaming expanded multi-sample RDF (no expanded helper TSVs)
    * Sample calls streamed: 1; FORMAT values: 2
    * Streaming structured header RDF
    * Header lines typed: 12; contigs: 1
    * Streaming QUAL and structured INFO RDF
    * QUAL values streamed: 1; INFO values: 4; declarations: 4
    * Triples produced: 458
    * Compression ✅
    * Output directory: /home/ubuntu/w4/SWAT4HCLS_2027/RQ2/work/converted/expanded/structural-v4.1
      - RDF aggregate: structural-v4.1.nt.gz
      - RDF (.gz): 5.27 KB (kept (compression methods set to none))
      - Compression: none selected
      - Final RDF size (no compression): 5.27 KB
Total triples produced (full run): 458
Conversion process finished.
Run time (full mode): 12.55s
Timing log: /home/ubuntu/w4/SWAT4HCLS_2027/RQ2/work/converted/expanded/run_metrics/structural-v4.1__20260915T135547/wrapper_execution_times.csv
Metrics summary: /home/ubuntu/w4/SWAT4HCLS_2027/RQ2/work/converted/expanded/run_metrics/structural-v4.1__20260915T135547/summary.json
Step 1/5: Validating inputs ✅
  Metrics: /home/ubuntu/w4/SWAT4HCLS_2027/RQ2/work/converted/condensed/run_metrics/structural-v4.1__20260915T135600
  Detailed logs: /home/ubuntu/w4/SWAT4HCLS_2027/RQ2/work/converted/condensed/run_metrics/structural-v4.1__20260915T135600/logs/wrapper.log
  Progress log: /home/ubuntu/w4/SWAT4HCLS_2027/RQ2/work/converted/condensed/run_metrics/structural-v4.1__20260915T135600/logs/progress.log
Step 2/5: Ensuring Docker image is available ✅
Step 3/5: Processing per-input pipeline (TSV -> RDF -> compression)
  Sample representation: condensed
  INFO representation: structured
  Header representation: structured
  - Input 1/1: structural-v4.1.vcf
    * TSV conversion ✅
    * VCF version: VCFv4.1 (detected)
    * RDF conversion ✅
    * Streaming condensed multi-sample RDF (no expanded helper TSVs)
    * Condensed matrices streamed: 1; FORMAT vectors: 2; reusable samples: 1
    * Streaming structured header RDF
    * Header lines typed: 12; contigs: 1
    * Streaming QUAL and structured INFO RDF
    * QUAL values streamed: 1; INFO values: 4; declarations: 4
    * Triples produced: 441
    * Compression ✅
    * Output directory: /home/ubuntu/w4/SWAT4HCLS_2027/RQ2/work/converted/condensed/structural-v4.1
      - RDF aggregate: structural-v4.1.nt.gz
      - RDF (.gz): 5.02 KB (kept (compression methods set to none))
      - Compression: none selected
      - Final RDF size (no compression): 5.02 KB
Total triples produced (full run): 441
Conversion process finished.
Run time (full mode): 12.20s
Timing log: /home/ubuntu/w4/SWAT4HCLS_2027/RQ2/work/converted/condensed/run_metrics/structural-v4.1__20260915T135600/wrapper_execution_times.csv
Metrics summary: /home/ubuntu/w4/SWAT4HCLS_2027/RQ2/work/converted/condensed/run_metrics/structural-v4.1__20260915T135600/summary.json
Step 1/5: Validating inputs ✅
  Metrics: /home/ubuntu/w4/SWAT4HCLS_2027/RQ2/work/converted/expanded/run_metrics/structural-v4.2__20260915T135612
  Detailed logs: /home/ubuntu/w4/SWAT4HCLS_2027/RQ2/work/converted/expanded/run_metrics/structural-v4.2__20260915T135612/logs/wrapper.log
  Progress log: /home/ubuntu/w4/SWAT4HCLS_2027/RQ2/work/converted/expanded/run_metrics/structural-v4.2__20260915T135612/logs/progress.log
Step 2/5: Ensuring Docker image is available ✅
Step 3/5: Processing per-input pipeline (TSV -> RDF -> compression)
  Sample representation: expanded
  INFO representation: structured
  Header representation: structured
  - Input 1/1: structural-v4.2.vcf
    * TSV conversion ✅
    * VCF version: VCFv4.2 (detected)
    * RDF conversion ✅
    * Streaming expanded multi-sample RDF (no expanded helper TSVs)
    * Sample calls streamed: 1; FORMAT values: 2
    * Streaming structured header RDF
    * Header lines typed: 12; contigs: 1
    * Streaming QUAL and structured INFO RDF
    * QUAL values streamed: 1; INFO values: 4; declarations: 4
    * Triples produced: 458
    * Compression ✅
    * Output directory: /home/ubuntu/w4/SWAT4HCLS_2027/RQ2/work/converted/expanded/structural-v4.2
      - RDF aggregate: structural-v4.2.nt.gz
      - RDF (.gz): 4.83 KB (kept (compression methods set to none))
      - Compression: none selected
      - Final RDF size (no compression): 4.83 KB
Total triples produced (full run): 458
Conversion process finished.
Run time (full mode): 12.51s
Timing log: /home/ubuntu/w4/SWAT4HCLS_2027/RQ2/work/converted/expanded/run_metrics/structural-v4.2__20260915T135612/wrapper_execution_times.csv
Metrics summary: /home/ubuntu/w4/SWAT4HCLS_2027/RQ2/work/converted/expanded/run_metrics/structural-v4.2__20260915T135612/summary.json
Step 1/5: Validating inputs ✅
  Metrics: /home/ubuntu/w4/SWAT4HCLS_2027/RQ2/work/converted/condensed/run_metrics/structural-v4.2__20260915T135625
  Detailed logs: /home/ubuntu/w4/SWAT4HCLS_2027/RQ2/work/converted/condensed/run_metrics/structural-v4.2__20260915T135625/logs/wrapper.log
  Progress log: /home/ubuntu/w4/SWAT4HCLS_2027/RQ2/work/converted/condensed/run_metrics/structural-v4.2__20260915T135625/logs/progress.log
Step 2/5: Ensuring Docker image is available ✅
Step 3/5: Processing per-input pipeline (TSV -> RDF -> compression)
  Sample representation: condensed
  INFO representation: structured
  Header representation: structured
  - Input 1/1: structural-v4.2.vcf
    * TSV conversion ✅
    * VCF version: VCFv4.2 (detected)
    * RDF conversion ✅
    * Streaming condensed multi-sample RDF (no expanded helper TSVs)
    * Condensed matrices streamed: 1; FORMAT vectors: 2; reusable samples: 1
    * Streaming structured header RDF
    * Header lines typed: 12; contigs: 1
    * Streaming QUAL and structured INFO RDF
    * QUAL values streamed: 1; INFO values: 4; declarations: 4
    * Triples produced: 441
    * Compression ✅
    * Output directory: /home/ubuntu/w4/SWAT4HCLS_2027/RQ2/work/converted/condensed/structural-v4.2
      - RDF aggregate: structural-v4.2.nt.gz
      - RDF (.gz): 5.14 KB (kept (compression methods set to none))
      - Compression: none selected
      - Final RDF size (no compression): 5.14 KB
Total triples produced (full run): 441
Conversion process finished.
Run time (full mode): 12.48s
Timing log: /home/ubuntu/w4/SWAT4HCLS_2027/RQ2/work/converted/condensed/run_metrics/structural-v4.2__20260915T135625/wrapper_execution_times.csv
Metrics summary: /home/ubuntu/w4/SWAT4HCLS_2027/RQ2/work/converted/condensed/run_metrics/structural-v4.2__20260915T135625/summary.json
Step 1/5: Validating inputs ✅
  Metrics: /home/ubuntu/w4/SWAT4HCLS_2027/RQ2/work/converted/expanded/run_metrics/structural-v4.3__20260915T135637
  Detailed logs: /home/ubuntu/w4/SWAT4HCLS_2027/RQ2/work/converted/expanded/run_metrics/structural-v4.3__20260915T135637/logs/wrapper.log
  Progress log: /home/ubuntu/w4/SWAT4HCLS_2027/RQ2/work/converted/expanded/run_metrics/structural-v4.3__20260915T135637/logs/progress.log
Step 2/5: Ensuring Docker image is available ✅
Step 3/5: Processing per-input pipeline (TSV -> RDF -> compression)
  Sample representation: expanded
  INFO representation: structured
  Header representation: structured
  - Input 1/1: structural-v4.3.vcf
    * TSV conversion ✅
    * VCF version: VCFv4.3 (detected)
    * RDF conversion ✅
    * Streaming expanded multi-sample RDF (no expanded helper TSVs)
    * Sample calls streamed: 1; FORMAT values: 2
    * Streaming structured header RDF
    * Header lines typed: 12; contigs: 1
    * Streaming QUAL and structured INFO RDF
    * QUAL values streamed: 1; INFO values: 4; declarations: 4
    * Triples produced: 458
    * Compression ✅
    * Output directory: /home/ubuntu/w4/SWAT4HCLS_2027/RQ2/work/converted/expanded/structural-v4.3
      - RDF aggregate: structural-v4.3.nt.gz
      - RDF (.gz): 5.22 KB (kept (compression methods set to none))
      - Compression: none selected
      - Final RDF size (no compression): 5.22 KB
Total triples produced (full run): 458
Conversion process finished.
Run time (full mode): 12.99s
Timing log: /home/ubuntu/w4/SWAT4HCLS_2027/RQ2/work/converted/expanded/run_metrics/structural-v4.3__20260915T135637/wrapper_execution_times.csv
Metrics summary: /home/ubuntu/w4/SWAT4HCLS_2027/RQ2/work/converted/expanded/run_metrics/structural-v4.3__20260915T135637/summary.json
Step 1/5: Validating inputs ✅
  Metrics: /home/ubuntu/w4/SWAT4HCLS_2027/RQ2/work/converted/condensed/run_metrics/structural-v4.3__20260915T135651
  Detailed logs: /home/ubuntu/w4/SWAT4HCLS_2027/RQ2/work/converted/condensed/run_metrics/structural-v4.3__20260915T135651/logs/wrapper.log
  Progress log: /home/ubuntu/w4/SWAT4HCLS_2027/RQ2/work/converted/condensed/run_metrics/structural-v4.3__20260915T135651/logs/progress.log
Step 2/5: Ensuring Docker image is available ✅
Step 3/5: Processing per-input pipeline (TSV -> RDF -> compression)
  Sample representation: condensed
  INFO representation: structured
  Header representation: structured
  - Input 1/1: structural-v4.3.vcf
    * TSV conversion ✅
    * VCF version: VCFv4.3 (detected)
    * RDF conversion ✅
    * Streaming condensed multi-sample RDF (no expanded helper TSVs)
    * Condensed matrices streamed: 1; FORMAT vectors: 2; reusable samples: 1
    * Streaming structured header RDF
    * Header lines typed: 12; contigs: 1
    * Streaming QUAL and structured INFO RDF
    * QUAL values streamed: 1; INFO values: 4; declarations: 4
    * Triples produced: 441
    * Compression ✅
    * Output directory: /home/ubuntu/w4/SWAT4HCLS_2027/RQ2/work/converted/condensed/structural-v4.3
      - RDF aggregate: structural-v4.3.nt.gz
      - RDF (.gz): 5.39 KB (kept (compression methods set to none))
      - Compression: none selected
      - Final RDF size (no compression): 5.39 KB
Total triples produced (full run): 441
Conversion process finished.
Run time (full mode): 12.54s
Timing log: /home/ubuntu/w4/SWAT4HCLS_2027/RQ2/work/converted/condensed/run_metrics/structural-v4.3__20260915T135651/wrapper_execution_times.csv
Metrics summary: /home/ubuntu/w4/SWAT4HCLS_2027/RQ2/work/converted/condensed/run_metrics/structural-v4.3__20260915T135651/summary.json
Step 1/5: Validating inputs ✅
  Metrics: /home/ubuntu/w4/SWAT4HCLS_2027/RQ2/work/converted/expanded/run_metrics/structural-v4.4__20260915T135703
  Detailed logs: /home/ubuntu/w4/SWAT4HCLS_2027/RQ2/work/converted/expanded/run_metrics/structural-v4.4__20260915T135703/logs/wrapper.log
  Progress log: /home/ubuntu/w4/SWAT4HCLS_2027/RQ2/work/converted/expanded/run_metrics/structural-v4.4__20260915T135703/logs/progress.log
Step 2/5: Ensuring Docker image is available ✅
Step 3/5: Processing per-input pipeline (TSV -> RDF -> compression)
  Sample representation: expanded
  INFO representation: structured
  Header representation: structured
  - Input 1/1: structural-v4.4.vcf
    * TSV conversion ✅
    * VCF version: VCFv4.4 (detected)
    * RDF conversion ✅
    * Streaming expanded multi-sample RDF (no expanded helper TSVs)
    * Sample calls streamed: 1; FORMAT values: 2
    * Streaming structured header RDF
    * Header lines typed: 12; contigs: 1
    * Streaming QUAL and structured INFO RDF
    * QUAL values streamed: 1; INFO values: 4; declarations: 4
    * Triples produced: 491
    * Compression ✅
    * Output directory: /home/ubuntu/w4/SWAT4HCLS_2027/RQ2/work/converted/expanded/structural-v4.4
      - RDF aggregate: structural-v4.4.nt.gz
      - RDF (.gz): 5.21 KB (kept (compression methods set to none))
      - Compression: none selected
      - Final RDF size (no compression): 5.21 KB
Total triples produced (full run): 491
Conversion process finished.
Run time (full mode): 12.54s
Timing log: /home/ubuntu/w4/SWAT4HCLS_2027/RQ2/work/converted/expanded/run_metrics/structural-v4.4__20260915T135703/wrapper_execution_times.csv
Metrics summary: /home/ubuntu/w4/SWAT4HCLS_2027/RQ2/work/converted/expanded/run_metrics/structural-v4.4__20260915T135703/summary.json
Step 1/5: Validating inputs ✅
  Metrics: /home/ubuntu/w4/SWAT4HCLS_2027/RQ2/work/converted/condensed/run_metrics/structural-v4.4__20260915T135716
  Detailed logs: /home/ubuntu/w4/SWAT4HCLS_2027/RQ2/work/converted/condensed/run_metrics/structural-v4.4__20260915T135716/logs/wrapper.log
  Progress log: /home/ubuntu/w4/SWAT4HCLS_2027/RQ2/work/converted/condensed/run_metrics/structural-v4.4__20260915T135716/logs/progress.log
Step 2/5: Ensuring Docker image is available ✅
Step 3/5: Processing per-input pipeline (TSV -> RDF -> compression)
  Sample representation: condensed
  INFO representation: structured
  Header representation: structured
  - Input 1/1: structural-v4.4.vcf
    * TSV conversion ✅
    * VCF version: VCFv4.4 (detected)
    * RDF conversion ✅
    * Streaming condensed multi-sample RDF (no expanded helper TSVs)
    * Condensed matrices streamed: 1; FORMAT vectors: 2; reusable samples: 1
    * Streaming structured header RDF
    * Header lines typed: 12; contigs: 1
    * Streaming QUAL and structured INFO RDF
    * QUAL values streamed: 1; INFO values: 4; declarations: 4
    * Triples produced: 474
    * Compression ✅
    * Output directory: /home/ubuntu/w4/SWAT4HCLS_2027/RQ2/work/converted/condensed/structural-v4.4
      - RDF aggregate: structural-v4.4.nt.gz
      - RDF (.gz): 4.86 KB (kept (compression methods set to none))
      - Compression: none selected
      - Final RDF size (no compression): 4.86 KB
Total triples produced (full run): 474
Conversion process finished.
Run time (full mode): 12.42s
Timing log: /home/ubuntu/w4/SWAT4HCLS_2027/RQ2/work/converted/condensed/run_metrics/structural-v4.4__20260915T135716/wrapper_execution_times.csv
Metrics summary: /home/ubuntu/w4/SWAT4HCLS_2027/RQ2/work/converted/condensed/run_metrics/structural-v4.4__20260915T135716/summary.json
Step 1/5: Validating inputs ✅
  Metrics: /home/ubuntu/w4/SWAT4HCLS_2027/RQ2/work/converted/expanded/run_metrics/tandem-repeats-v4.4__20260915T135729
  Detailed logs: /home/ubuntu/w4/SWAT4HCLS_2027/RQ2/work/converted/expanded/run_metrics/tandem-repeats-v4.4__20260915T135729/logs/wrapper.log
  Progress log: /home/ubuntu/w4/SWAT4HCLS_2027/RQ2/work/converted/expanded/run_metrics/tandem-repeats-v4.4__20260915T135729/logs/progress.log
Step 2/5: Ensuring Docker image is available ✅
Step 3/5: Processing per-input pipeline (TSV -> RDF -> compression)
  Sample representation: expanded
  INFO representation: structured
  Header representation: structured
  - Input 1/1: tandem-repeats-v4.4.vcf
    * TSV conversion ✅
    * VCF version: VCFv4.4 (detected)
    * RDF conversion ✅
    * Streaming expanded multi-sample RDF (no expanded helper TSVs)
    * Sample calls streamed: 4; FORMAT values: 9
    * Streaming structured header RDF
    * Header lines typed: 16; contigs: 1
    * Streaming QUAL and structured INFO RDF
    * QUAL values streamed: 4; INFO values: 11; declarations: 8
    * Triples produced: 883
    * Compression ✅
    * Output directory: /home/ubuntu/w4/SWAT4HCLS_2027/RQ2/work/converted/expanded/tandem-repeats-v4.4
      - RDF aggregate: tandem-repeats-v4.4.nt.gz
      - RDF (.gz): 7.72 KB (kept (compression methods set to none))
      - Compression: none selected
      - Final RDF size (no compression): 7.72 KB
Total triples produced (full run): 883
Conversion process finished.
Run time (full mode): 12.29s
Timing log: /home/ubuntu/w4/SWAT4HCLS_2027/RQ2/work/converted/expanded/run_metrics/tandem-repeats-v4.4__20260915T135729/wrapper_execution_times.csv
Metrics summary: /home/ubuntu/w4/SWAT4HCLS_2027/RQ2/work/converted/expanded/run_metrics/tandem-repeats-v4.4__20260915T135729/summary.json
Step 1/5: Validating inputs ✅
  Metrics: /home/ubuntu/w4/SWAT4HCLS_2027/RQ2/work/converted/condensed/run_metrics/tandem-repeats-v4.4__20260915T135741
  Detailed logs: /home/ubuntu/w4/SWAT4HCLS_2027/RQ2/work/converted/condensed/run_metrics/tandem-repeats-v4.4__20260915T135741/logs/wrapper.log
  Progress log: /home/ubuntu/w4/SWAT4HCLS_2027/RQ2/work/converted/condensed/run_metrics/tandem-repeats-v4.4__20260915T135741/logs/progress.log
Step 2/5: Ensuring Docker image is available ✅
Step 3/5: Processing per-input pipeline (TSV -> RDF -> compression)
  Sample representation: condensed
  INFO representation: structured
  Header representation: structured
  - Input 1/1: tandem-repeats-v4.4.vcf
    * TSV conversion ✅
    * VCF version: VCFv4.4 (detected)
    * RDF conversion ✅
    * Streaming condensed multi-sample RDF (no expanded helper TSVs)
    * Condensed matrices streamed: 4; FORMAT vectors: 9; reusable samples: 1
    * Streaming structured header RDF
    * Header lines typed: 16; contigs: 1
    * Streaming QUAL and structured INFO RDF
    * QUAL values streamed: 4; INFO values: 11; declarations: 8
    * Triples produced: 802
    * Compression ✅
    * Output directory: /home/ubuntu/w4/SWAT4HCLS_2027/RQ2/work/converted/condensed/tandem-repeats-v4.4
      - RDF aggregate: tandem-repeats-v4.4.nt.gz
      - RDF (.gz): 7.44 KB (kept (compression methods set to none))
      - Compression: none selected
      - Final RDF size (no compression): 7.44 KB
Total triples produced (full run): 802
Conversion process finished.
Run time (full mode): 12.42s
Timing log: /home/ubuntu/w4/SWAT4HCLS_2027/RQ2/work/converted/condensed/run_metrics/tandem-repeats-v4.4__20260915T135741/wrapper_execution_times.csv
Metrics summary: /home/ubuntu/w4/SWAT4HCLS_2027/RQ2/work/converted/condensed/run_metrics/tandem-repeats-v4.4__20260915T135741/summary.json
Step 1/5: Validating inputs ✅
  Metrics: /home/ubuntu/w4/SWAT4HCLS_2027/RQ2/work/converted/expanded/run_metrics/tandem-repeats-v4.5__20260915T135754
  Detailed logs: /home/ubuntu/w4/SWAT4HCLS_2027/RQ2/work/converted/expanded/run_metrics/tandem-repeats-v4.5__20260915T135754/logs/wrapper.log
  Progress log: /home/ubuntu/w4/SWAT4HCLS_2027/RQ2/work/converted/expanded/run_metrics/tandem-repeats-v4.5__20260915T135754/logs/progress.log
Step 2/5: Ensuring Docker image is available ✅
Step 3/5: Processing per-input pipeline (TSV -> RDF -> compression)
  Sample representation: expanded
  INFO representation: structured
  Header representation: structured
  - Input 1/1: tandem-repeats-v4.5.vcf
    * TSV conversion ✅
    * VCF version: VCFv4.5 (detected)
    * RDF conversion ✅
    * Streaming expanded multi-sample RDF (no expanded helper TSVs)
    * Sample calls streamed: 4; FORMAT values: 9
    * Streaming structured header RDF
    * Header lines typed: 15; contigs: 1
    * Streaming QUAL and structured INFO RDF
    * QUAL values streamed: 4; INFO values: 10; declarations: 7
    * Triples produced: 845
    * Compression ✅
    * Output directory: /home/ubuntu/w4/SWAT4HCLS_2027/RQ2/work/converted/expanded/tandem-repeats-v4.5
      - RDF aggregate: tandem-repeats-v4.5.nt.gz
      - RDF (.gz): 7.73 KB (kept (compression methods set to none))
      - Compression: none selected
      - Final RDF size (no compression): 7.73 KB
Total triples produced (full run): 845
Conversion process finished.
Run time (full mode): 12.29s
Timing log: /home/ubuntu/w4/SWAT4HCLS_2027/RQ2/work/converted/expanded/run_metrics/tandem-repeats-v4.5__20260915T135754/wrapper_execution_times.csv
Metrics summary: /home/ubuntu/w4/SWAT4HCLS_2027/RQ2/work/converted/expanded/run_metrics/tandem-repeats-v4.5__20260915T135754/summary.json
Step 1/5: Validating inputs ✅
  Metrics: /home/ubuntu/w4/SWAT4HCLS_2027/RQ2/work/converted/condensed/run_metrics/tandem-repeats-v4.5__20260915T135806
  Detailed logs: /home/ubuntu/w4/SWAT4HCLS_2027/RQ2/work/converted/condensed/run_metrics/tandem-repeats-v4.5__20260915T135806/logs/wrapper.log
  Progress log: /home/ubuntu/w4/SWAT4HCLS_2027/RQ2/work/converted/condensed/run_metrics/tandem-repeats-v4.5__20260915T135806/logs/progress.log
Step 2/5: Ensuring Docker image is available ✅
Step 3/5: Processing per-input pipeline (TSV -> RDF -> compression)
  Sample representation: condensed
  INFO representation: structured
  Header representation: structured
  - Input 1/1: tandem-repeats-v4.5.vcf
    * TSV conversion ✅
    * VCF version: VCFv4.5 (detected)
    * RDF conversion ✅
    * Streaming condensed multi-sample RDF (no expanded helper TSVs)
    * Condensed matrices streamed: 4; FORMAT vectors: 9; reusable samples: 1
    * Streaming structured header RDF
    * Header lines typed: 15; contigs: 1
    * Streaming QUAL and structured INFO RDF
    * QUAL values streamed: 4; INFO values: 10; declarations: 7
    * Triples produced: 764
    * Compression ✅
    * Output directory: /home/ubuntu/w4/SWAT4HCLS_2027/RQ2/work/converted/condensed/tandem-repeats-v4.5
      - RDF aggregate: tandem-repeats-v4.5.nt.gz
      - RDF (.gz): 6.84 KB (kept (compression methods set to none))
      - Compression: none selected
      - Final RDF size (no compression): 6.84 KB
Total triples produced (full run): 764
Conversion process finished.
Run time (full mode): 12.14s
Timing log: /home/ubuntu/w4/SWAT4HCLS_2027/RQ2/work/converted/condensed/run_metrics/tandem-repeats-v4.5__20260915T135806/wrapper_execution_times.csv
Metrics summary: /home/ubuntu/w4/SWAT4HCLS_2027/RQ2/work/converted/condensed/run_metrics/tandem-repeats-v4.5__20260915T135806/summary.json
